-- phpMyAdmin SQL Dump
-- version 4.5.1
-- http://www.phpmyadmin.net
--
-- 主機: 127.0.0.1
-- 產生時間： 2018-12-18 07:31:33
-- 伺服器版本: 10.1.16-MariaDB
-- PHP 版本： 5.6.24

SET SQL_MODE = "NO_AUTO_VALUE_ON_ZERO";
SET time_zone = "+00:00";


/*!40101 SET @OLD_CHARACTER_SET_CLIENT=@@CHARACTER_SET_CLIENT */;
/*!40101 SET @OLD_CHARACTER_SET_RESULTS=@@CHARACTER_SET_RESULTS */;
/*!40101 SET @OLD_COLLATION_CONNECTION=@@COLLATION_CONNECTION */;
/*!40101 SET NAMES utf8mb4 */;

--
-- 資料庫： `9buy2`
--

-- --------------------------------------------------------

--
-- 資料表結構 `925_ad`
--

CREATE TABLE `925_ad` (
  `ad_id` int(11) NOT NULL,
  `ad_ind` int(11) NOT NULL,
  `ad_pic` varchar(35) COLLATE utf8_unicode_ci NOT NULL,
  `ad_link` varchar(255) COLLATE utf8_unicode_ci NOT NULL,
  `ad_is_show` int(11) NOT NULL,
  `ad_manager` varchar(15) COLLATE utf8_unicode_ci NOT NULL,
  `ad_create_time` datetime NOT NULL,
  `ad_update_time` datetime NOT NULL
) ENGINE=MyISAM DEFAULT CHARSET=utf8 COLLATE=utf8_unicode_ci COMMENT='首頁廣告';

--
-- 資料表的匯出資料 `925_ad`
--

INSERT INTO `925_ad` (`ad_id`, `ad_ind`, `ad_pic`, `ad_link`, `ad_is_show`, `ad_manager`, `ad_create_time`, `ad_update_time`) VALUES
(1, 6, '1461655168.jpg', 'http://tw.yahoo.com', 1, 'admin', '2015-11-09 12:42:24', '2016-04-26 15:19:28'),
(2, 11, '1461655162.jpg', 'http://google.com', 1, 'admin', '2015-11-09 12:42:51', '2016-04-26 15:19:22'),
(3, 16, '1461655155.jpg', 'http://hinet.net', 1, 'admin', '2015-11-16 14:23:20', '2016-04-26 15:19:16'),
(4, 21, '1461655148.jpg', '/9buy/category_1.html', 1, 'admin', '2015-12-07 15:33:24', '2016-04-26 16:48:10');

-- --------------------------------------------------------

--
-- 資料表結構 `925_admin`
--

CREATE TABLE `925_admin` (
  `admin_id` int(11) NOT NULL,
  `admin_ind` int(11) NOT NULL,
  `admin_token_id` varchar(100) COLLATE utf8_unicode_ci NOT NULL,
  `admin_account` varchar(15) COLLATE utf8_unicode_ci NOT NULL,
  `admin_password` varchar(40) COLLATE utf8_unicode_ci NOT NULL,
  `admin_name` varchar(30) COLLATE utf8_unicode_ci NOT NULL,
  `admin_mobile` varchar(20) COLLATE utf8_unicode_ci NOT NULL,
  `admin_phone` varchar(20) COLLATE utf8_unicode_ci NOT NULL,
  `admin_email` varchar(255) COLLATE utf8_unicode_ci NOT NULL,
  `admin_spic` varchar(35) COLLATE utf8_unicode_ci NOT NULL,
  `admin_bpic` varchar(35) COLLATE utf8_unicode_ci NOT NULL,
  `admin_is_show` int(11) NOT NULL,
  `admin_is_admin` int(11) NOT NULL,
  `admin_auth` int(11) NOT NULL,
  `admin_login_time` datetime NOT NULL,
  `admin_ip` varchar(15) COLLATE utf8_unicode_ci NOT NULL,
  `admin_manager` varchar(15) COLLATE utf8_unicode_ci NOT NULL,
  `admin_create_time` datetime NOT NULL,
  `admin_update_time` datetime NOT NULL,
  `admin_level` int(11) NOT NULL
) ENGINE=MyISAM DEFAULT CHARSET=utf8 COLLATE=utf8_unicode_ci COMMENT='管理者';

--
-- 資料表的匯出資料 `925_admin`
--

INSERT INTO `925_admin` (`admin_id`, `admin_ind`, `admin_token_id`, `admin_account`, `admin_password`, `admin_name`, `admin_mobile`, `admin_phone`, `admin_email`, `admin_spic`, `admin_bpic`, `admin_is_show`, `admin_is_admin`, `admin_auth`, `admin_login_time`, `admin_ip`, `admin_manager`, `admin_create_time`, `admin_update_time`, `admin_level`) VALUES
(1, 1, '', 'coder', '20733d25b68ce72a722c679c734ae04a076a9c56', 'coder', '', '0422607680', 'cully@coder.com.tw', '', '', 1, 1, 0, '0000-00-00 00:00:00', '', 'coder', '2015-10-28 00:00:00', '2015-10-28 00:00:00', 99),
(2, 6, '14460242703qc7k4neinr5aq2005adri1544772145fn11vb72mssal16g6kqae85', 'admin', 'dd94709528bb1c83d08f3088d4043f4742891f4f', 'admin', '', '88888888', 'admin@admin.com', '', '1446799218.jpg', 1, 1, 0, '2018-12-14 15:22:25', '192.168.1.1', 'admin', '2015-10-28 00:00:00', '2015-11-06 16:41:07', 1),
(3, 11, '058390db6348f9b3995758061ee35145144679644962jljloeov4r35obbf3oi0f', 'test', 'f7c3bc1d808e04732adf679965ccc34ca7ae3441', 'test', '099999999', '66666666', 'test@test.com', '', '1446795362.jpg', 1, 0, 65, '2015-11-06 15:54:09', '::1', 'admin', '0000-00-00 00:00:00', '2018-12-13 12:50:01', 1),
(11, 51, '9f5ce95471d8ef241d08a7f6f4acde831509006778374463qlgi00o8umlrmhib4', 'pin', '7c4a8d09ca3762af61e59520943dc26494f8941b', 'Baseball', '0900000000', '0900000000', 'pin@coder.com.tw', '1460109273.jpg', '1460113258.jpg', 1, 0, 64, '2017-10-26 16:32:58', '59.127.37.46', 'admin', '2016-01-12 17:51:22', '2017-10-26 16:32:36', 2),
(6, 26, '319d9f6477308f64f445cee86da8aad014525853447599252db8bb336a40354d2', 'test3', 'f7c3bc1d808e04732adf679965ccc34ca7ae3441', 'test3', '0988888888', '66666666', 'test3@test.com', '1460438027.jpg', '1460438035.jpg', 1, 0, 64, '2016-01-12 15:55:44', '59.127.37.46', 'admin', '2015-11-12 21:16:44', '2016-04-12 13:13:56', 2),
(10, 46, '7e7132f7044877ea941c50c1511695a2', '9buy', '6d3b0ff49f8975c5bbdb2b27fa53c703f08114e8', '茶花林', '0935736993', '02-22643871', 'maci@livemail.tw', '1461658250.png', '1461658254.png', 1, 0, 127, '0000-00-00 00:00:00', '', 'admin', '2015-12-07 15:18:23', '2016-04-26 16:10:55', 2),
(8, 36, '28757115a3e6267bda0cd83545714227', 'test11', 'f7c3bc1d808e04732adf679965ccc34ca7ae3441', 'test11', '', '', 'aa@cc.com', '', '1449130507.jpg', 1, 0, 60, '0000-00-00 00:00:00', '', 'admin', '2015-12-03 16:15:11', '2015-12-03 16:15:27', 1),
(9, 41, 'e2eacb534073d65f786d8d823e895c661453348760f6eedd1a68044d9ec6d2b1e', 'cat', '7c4a8d09ca3762af61e59520943dc26494f8941b', '茶花樂', '', '', 'richard@coder.com.tw', '1461658261.png', '1461658264.png', 1, 0, 64, '2016-01-21 11:59:20', '59.127.37.46', 'admin', '2015-12-04 16:37:53', '2016-04-26 16:11:05', 2),
(14, 56, 'b3ced49b06ebeab3dc1c5ae57ba219c51544674565a657ev8ka9jtgi1k948bb1b', 'bill', 'f7c3bc1d808e04732adf679965ccc34ca7ae3441', 'bill', '', '', 'bill@coder.com.tw', '1544674332.png', '1544674336.png', 1, 0, 64, '2018-12-13 12:16:05', '::1', 'admin', '2018-12-13 12:12:19', '2018-12-13 12:15:40', 2);

-- --------------------------------------------------------

--
-- 資料表結構 `925_banner`
--

CREATE TABLE `925_banner` (
  `banner_id` int(11) NOT NULL,
  `banner_ind` int(11) NOT NULL,
  `banner_pic` varchar(35) COLLATE utf8_unicode_ci NOT NULL,
  `banner_link` varchar(255) COLLATE utf8_unicode_ci NOT NULL,
  `banner_is_show` int(11) NOT NULL,
  `banner_manager` varchar(15) COLLATE utf8_unicode_ci NOT NULL,
  `banner_create_time` datetime NOT NULL,
  `banner_update_time` datetime NOT NULL
) ENGINE=MyISAM DEFAULT CHARSET=utf8 COLLATE=utf8_unicode_ci COMMENT='BANNER';

--
-- 資料表的匯出資料 `925_banner`
--

INSERT INTO `925_banner` (`banner_id`, `banner_ind`, `banner_pic`, `banner_link`, `banner_is_show`, `banner_manager`, `banner_create_time`, `banner_update_time`) VALUES
(1, 16, '1460021877.png', '', 1, 'admin', '2015-11-09 12:02:06', '2016-04-07 17:38:00'),
(2, 21, '1461655100.jpg', 'http://www.yahoo.com.tw', 1, 'admin', '2015-11-09 12:02:35', '2016-04-26 15:18:22');

-- --------------------------------------------------------

--
-- 資料表結構 `925_bonus`
--

CREATE TABLE `925_bonus` (
  `bonus_id` int(11) NOT NULL,
  `bonus_order_sno` varchar(20) COLLATE utf8_unicode_ci NOT NULL,
  `bonus_member_id` int(11) NOT NULL,
  `bonus_bonus` int(11) NOT NULL,
  `bonus_comment` varchar(255) COLLATE utf8_unicode_ci NOT NULL,
  `bonus_type` int(11) NOT NULL DEFAULT '1',
  `bonus_is_use` int(11) NOT NULL,
  `bonus_create_time` datetime NOT NULL
) ENGINE=InnoDB DEFAULT CHARSET=utf8 COLLATE=utf8_unicode_ci COMMENT='購物金紅利';

--
-- 資料表的匯出資料 `925_bonus`
--

INSERT INTO `925_bonus` (`bonus_id`, `bonus_order_sno`, `bonus_member_id`, `bonus_bonus`, `bonus_comment`, `bonus_type`, `bonus_is_use`, `bonus_create_time`) VALUES
(1, '', 1, 3, '購物', 1, 0, '2015-12-07 14:47:27'),
(2, '', 1, 5, '購物', 1, 0, '2015-12-07 14:51:02'),
(3, '', 1, 50, '購物', 1, 0, '2015-12-07 14:51:36'),
(4, '', 1, 2, '購物', 1, 0, '2016-01-12 15:22:14'),
(5, '', 1, 5, '購物', 1, 0, '2016-01-12 15:41:27'),
(6, '', 1, 2, '購物', 1, 0, '2016-01-12 15:48:49'),
(7, '', 1, 4, '購物', 1, 0, '2016-01-12 15:57:53'),
(8, '', 27, 2, '購物', 1, 0, '2016-01-12 16:31:20'),
(9, '', 27, 2, '購物', 1, 0, '2016-01-12 16:35:05'),
(10, '', 27, 52, '購物', 1, 1, '2016-01-12 16:56:08'),
(11, '', 27, 70, '購物', 1, 1, '2016-01-12 17:18:21'),
(12, '', 27, 30, '購物', 1, 1, '2016-01-12 17:18:36'),
(13, '', 27, 11, '購物', 1, 1, '2016-01-12 17:20:24'),
(14, '', 27, 5, '購物', 1, 1, '2016-01-12 17:21:15'),
(15, '', 27, 50, '購物', 1, 1, '2016-01-12 17:27:33'),
(16, '', 27, 999, '購物', 1, 1, '2016-01-12 18:23:50'),
(17, '', 27, 999, '購物', 1, 1, '2016-01-12 18:25:00'),
(18, '', 27, 999, '購物', 1, 1, '2016-01-12 18:25:32'),
(19, '', 27, 5, '購物', 1, 1, '2016-01-12 18:26:29'),
(20, '', 27, 999, '購物', 1, 1, '2016-01-12 18:40:32'),
(21, '', 27, 5, '購物', 1, 1, '2016-01-12 18:41:26'),
(22, '', 27, 5, '購物', 1, 1, '2016-01-12 18:42:04'),
(23, '', 27, 999, '購物', 1, 1, '2016-01-12 18:43:30'),
(24, '201601150001', 27, 999, '購物', 1, 0, '2016-01-15 15:30:15'),
(25, '201601150002', 27, 999, '購物', 1, 1, '2016-01-15 15:30:39'),
(26, '201601150003', 27, 5, '購物', 1, 0, '2016-01-15 15:34:15'),
(27, '201601150004', 27, 2, '購物', 1, 0, '2016-01-15 15:34:37'),
(28, '201601150005', 27, 2, '購物', 1, 1, '2016-01-15 15:36:26'),
(29, '201601210001', 27, 999, '購物', 1, 0, '2016-01-21 11:33:39'),
(30, '201601210002', 27, 2, '購物', 1, 0, '2016-01-21 11:35:53'),
(31, '201601210003', 27, 2, '購物', 1, 1, '2016-01-21 11:47:15'),
(32, '201603280001', 1, 4, '購物', 1, 0, '2016-03-28 18:38:54'),
(33, '201604110001', 32, 30, '購物', 1, 1, '2016-04-11 23:13:09'),
(34, '201604110002', 32, 999, '購物', 1, 0, '2016-04-11 23:14:26'),
(35, '201604120001', 32, 2, '購物', 1, 0, '2016-04-12 13:31:18'),
(36, '201604120002', 32, 11, '購物', 1, 0, '2016-04-12 16:56:49'),
(37, '201604120003', 0, 999, '購物', 1, 0, '2016-04-12 17:34:32'),
(38, '201604120004', 0, 2, '購物', 1, 0, '2016-04-12 17:44:01'),
(39, '201604130001', 0, 5, '購物', 1, 1, '2016-04-13 11:31:35'),
(40, '201604130002', 32, 2, '購物', 1, 1, '2016-04-13 12:05:10');

-- --------------------------------------------------------

--
-- 資料表結構 `925_disclaimer`
--

CREATE TABLE `925_disclaimer` (
  `disclaimer_id` int(11) NOT NULL,
  `disclaimer_content` longtext COLLATE utf8_unicode_ci NOT NULL,
  `disclaimer_admin` varchar(20) COLLATE utf8_unicode_ci NOT NULL,
  `disclaimer_updatetime` datetime NOT NULL,
  `disclaimer_createtime` datetime NOT NULL
) ENGINE=MyISAM DEFAULT CHARSET=utf8 COLLATE=utf8_unicode_ci;

--
-- 資料表的匯出資料 `925_disclaimer`
--

INSERT INTO `925_disclaimer` (`disclaimer_id`, `disclaimer_content`, `disclaimer_admin`, `disclaimer_updatetime`, `disclaimer_createtime`) VALUES
(1, '<p>當你成為9好買網站(以下簡稱「本網站」)的用戶後，您已詳細閱讀及明確暸解本「免責聲明」，並同意，屬下列情況發生時本網站毋需負擔任何責任：</p>\n			<ul>\n				<li>您使用本站服務之風險會由您個人承擔。用戶同意使用「本網站」各項服務系基於用戶的個人意願，並同意自負任何風險，包括因為自「本網站」下載資料或圖片，或自「本網站」服務中獲得之資料導致發生任何資源流失等結果。<br>\n				</li>\n				<li>「本網站」就各項服務，不負任何明示或默示之擔保責任。「本網站」不保證各項服務之穩定、安全、無誤、及不中斷；用戶明示承擔使用本服務之所有風險及可能發生之任何損害。<br>\n				</li>\n				<li>用戶在「本網站」填寫之物件資訊、個人資料、上傳圖片等行為，純屬用戶個人行為，「本網站」對其內容知真實性或完整性不負有任何責任。<br>\n				</li>\n				<li>任何由於電腦病毒侵入或發作，因政府管制而造成的暫時性關閉等引響網路正常經營之不可抗力而造成的資料損毀、丟失、被盜用或被竄改等與「本網站」無關。<br>\n				</li>\n				<li>對於用戶透過「本網站」刊登或發佈虛假、違法資訊、侵害他人權益及欺騙、敲詐行為者，純屬用戶個人行為「本網站」對因此而產生的一切糾紛不負任何責任！特此聲明！</li>\n			</ul>', 'admin', '2016-04-11 11:42:18', '2016-04-11 00:00:00');

-- --------------------------------------------------------

--
-- 資料表結構 `925_fproduct`
--

CREATE TABLE `925_fproduct` (
  `fproduct_id` int(11) NOT NULL,
  `fproduct_product_id` int(11) NOT NULL,
  `fproduct_member_id` int(11) NOT NULL,
  `fproduct_create_time` datetime NOT NULL
) ENGINE=MyISAM DEFAULT CHARSET=utf8 COLLATE=utf8_unicode_ci COMMENT='收藏商品';

--
-- 資料表的匯出資料 `925_fproduct`
--

INSERT INTO `925_fproduct` (`fproduct_id`, `fproduct_product_id`, `fproduct_member_id`, `fproduct_create_time`) VALUES
(1, 2, 1, '2015-11-23 11:58:38'),
(18, 7, 27, '2016-01-12 16:47:13'),
(3, 7, 1, '2015-11-23 12:54:44'),
(21, 9, 27, '2016-03-01 15:09:16'),
(17, 8, 27, '2016-01-12 16:23:05'),
(9, 7, 25, '2015-12-22 10:52:25'),
(10, 8, 25, '2015-12-22 15:00:08'),
(51, 8, 32, '2016-04-12 18:21:56'),
(54, 24, 33, '2018-12-14 11:48:45'),
(55, 25, 33, '2018-12-14 12:17:58');

-- --------------------------------------------------------

--
-- 資料表結構 `925_freight`
--

CREATE TABLE `925_freight` (
  `freight_id` int(11) NOT NULL,
  `freight_keyword` varchar(20) COLLATE utf8_unicode_ci NOT NULL,
  `freight_value` int(11) NOT NULL,
  `freight_manager` varchar(15) COLLATE utf8_unicode_ci NOT NULL,
  `freight_create_time` datetime NOT NULL,
  `freight_update_time` datetime NOT NULL
) ENGINE=MyISAM DEFAULT CHARSET=utf8 COLLATE=utf8_unicode_ci COMMENT='運費';

--
-- 資料表的匯出資料 `925_freight`
--

INSERT INTO `925_freight` (`freight_id`, `freight_keyword`, `freight_value`, `freight_manager`, `freight_create_time`, `freight_update_time`) VALUES
(1, 'freight_price', 70, 'admin', '2015-10-26 18:30:00', '2018-12-14 16:08:11'),
(2, 'freight_limit', 1000, 'admin', '2015-10-26 18:30:00', '2018-12-14 16:08:37');

-- --------------------------------------------------------

--
-- 資料表結構 `925_fshop`
--

CREATE TABLE `925_fshop` (
  `fshop_id` int(11) NOT NULL,
  `fshop_shop_id` int(11) NOT NULL,
  `fshop_member_id` int(11) NOT NULL,
  `fshop_create_time` datetime NOT NULL
) ENGINE=MyISAM DEFAULT CHARSET=utf8 COLLATE=utf8_unicode_ci COMMENT='收藏店家';

--
-- 資料表的匯出資料 `925_fshop`
--

INSERT INTO `925_fshop` (`fshop_id`, `fshop_shop_id`, `fshop_member_id`, `fshop_create_time`) VALUES
(1, 7, 1, '2015-11-23 12:51:04'),
(2, 4, 1, '2015-11-24 20:51:17'),
(3, 10, 25, '2015-12-22 14:59:39'),
(7, 6, 27, '2016-01-12 16:36:41'),
(5, 9, 25, '2015-12-25 18:07:20'),
(8, 10, 27, '2016-01-12 16:36:46'),
(27, 10, 32, '2016-04-12 18:29:22');

-- --------------------------------------------------------

--
-- 資料表結構 `925_log`
--

CREATE TABLE `925_log` (
  `log_id` int(11) NOT NULL,
  `log_name` varchar(30) COLLATE utf8_unicode_ci NOT NULL,
  `log_type` int(11) NOT NULL,
  `log_comment` varchar(150) COLLATE utf8_unicode_ci NOT NULL,
  `log_action` int(11) NOT NULL,
  `log_ip` varchar(15) COLLATE utf8_unicode_ci NOT NULL,
  `log_create_time` datetime NOT NULL
) ENGINE=MyISAM DEFAULT CHARSET=utf8 COLLATE=utf8_unicode_ci COMMENT='LOG記錄';

--
-- 資料表的匯出資料 `925_log`
--

INSERT INTO `925_log` (`log_id`, `log_name`, `log_type`, `log_comment`, `log_action`, `log_ip`, `log_create_time`) VALUES
(1, 'admin', 11, 'bill', 4, '::1', '2018-12-13 14:32:42'),
(2, 'admin', 1, '列表', 2, '::1', '2018-12-13 14:33:02'),
(3, 'admin', 11, '列表', 2, '::1', '2018-12-13 14:33:14'),
(4, 'admin', 11, 'bill2', 3, '::1', '2018-12-13 14:56:07'),
(5, 'admin', 7, '', 2, '::1', '2018-12-13 14:56:29'),
(6, 'admin', 5, '', 2, '::1', '2018-12-13 14:56:44'),
(7, 'admin', 9, '', 2, '::1', '2018-12-13 14:56:51'),
(8, 'admin', 8, '', 2, '::1', '2018-12-13 14:56:59'),
(9, 'admin', 7, '', 2, '::1', '2018-12-13 15:06:45'),
(10, 'admin', 9, '', 2, '::1', '2018-12-13 15:07:07'),
(11, 'admin', 7, '', 2, '::1', '2018-12-13 15:30:02'),
(12, 'admin', 6, '', 2, '::1', '2018-12-13 15:34:07'),
(13, 'admin', 8, '', 2, '::1', '2018-12-13 15:34:08'),
(14, 'admin', 10, '', 2, '::1', '2018-12-13 15:34:11'),
(15, 'admin', 1, '成功', 0, '::1', '2018-12-13 17:22:41'),
(16, 'admin', 11, '列表', 2, '::1', '2018-12-13 17:22:46'),
(17, 'bill66', 9, '', 2, '::1', '2018-12-13 18:03:45'),
(18, 'admin', 7, '', 2, '::1', '2018-12-13 18:22:54'),
(19, 'admin', 5, '', 2, '::1', '2018-12-13 18:22:55'),
(20, 'admin', 6, '', 2, '::1', '2018-12-13 18:22:56'),
(21, 'admin', 7, '', 2, '::1', '2018-12-13 18:22:58'),
(22, 'admin', 6, '', 2, '::1', '2018-12-13 18:24:49'),
(23, 'admin', 5, '', 2, '::1', '2018-12-13 18:24:54'),
(24, 'admin', 7, '', 2, '::1', '2018-12-13 18:24:56'),
(25, 'admin', 9, '', 2, '::1', '2018-12-13 18:26:46'),
(26, 'admin', 1, '成功', 0, '::1', '2018-12-13 18:30:01'),
(27, 'admin', 1, '成功', 0, '::1', '2018-12-13 18:33:55'),
(28, 'admin', 8, '', 2, '::1', '2018-12-13 18:34:24'),
(29, 'admin', 1, '列表', 2, '::1', '2018-12-13 18:34:29'),
(30, 'admin', 11, '列表', 2, '::1', '2018-12-13 18:34:31'),
(31, 'admin', 1, '成功', 0, '192.168.1.1', '2018-12-13 19:07:48'),
(32, 'admin', 1, '成功', 0, '192.168.1.1', '2018-12-13 19:10:33'),
(33, 'admin', 11, '列表', 2, '192.168.1.1', '2018-12-13 19:10:48'),
(34, 'admin', 5, '', 2, '192.168.1.1', '2018-12-13 19:12:05'),
(35, 'admin', 6, '', 2, '192.168.1.1', '2018-12-13 19:12:06'),
(36, 'admin', 7, '', 2, '192.168.1.1', '2018-12-13 19:12:08'),
(37, 'admin', 5, '', 2, '192.168.1.1', '2018-12-13 19:12:25'),
(38, 'admin', 1, '成功', 0, '192.168.1.1', '2018-12-14 10:13:02'),
(39, 'admin', 7, '', 2, '192.168.1.1', '2018-12-14 10:17:43'),
(40, 'admin', 11, '列表', 2, '192.168.1.1', '2018-12-14 10:17:52'),
(41, 'admin', 11, 'Greg', 3, '192.168.1.1', '2018-12-14 10:21:34'),
(42, 'admin', 6, '', 2, '192.168.1.1', '2018-12-14 10:27:15'),
(43, 'admin', 7, '', 2, '192.168.1.1', '2018-12-14 10:27:18'),
(44, 'admin', 7, '10筆資料(''22'',''21'',''20'',''19'',''18'',''17'',''16'',''15'',''14'',''13'')', 5, '192.168.1.1', '2018-12-14 10:27:44'),
(45, 'admin', 7, '10筆資料(''12'',''11'',''10'',''9'',''8'',''7'',''6'',''1'',''5'',''4'')', 5, '192.168.1.1', '2018-12-14 10:27:54'),
(46, 'admin', 7, '2筆資料(''2'',''3'')', 5, '192.168.1.1', '2018-12-14 10:27:59'),
(47, 'admin', 6, '', 2, '192.168.1.1', '2018-12-14 10:29:25'),
(48, 'admin', 5, '', 2, '192.168.1.1', '2018-12-14 10:29:27'),
(49, 'admin', 7, '', 2, '192.168.1.1', '2018-12-14 10:29:33'),
(50, 'admin', 5, '', 2, '192.168.1.1', '2018-12-14 10:29:37'),
(51, 'admin', 7, '', 2, '192.168.1.1', '2018-12-14 10:29:39'),
(52, 'admin', 5, '', 2, '192.168.1.1', '2018-12-14 10:29:50'),
(53, 'admin', 5, '6筆資料(''8'',''9'',''7'',''10'',''3'',''6'')', 5, '192.168.1.1', '2018-12-14 10:30:07'),
(54, 'admin', 6, '', 2, '192.168.1.1', '2018-12-14 10:30:09'),
(55, 'admin', 6, '10筆資料(''10'',''9'',''8'',''7'',''6'',''5'',''4'',''2'',''3'',''1'')', 5, '192.168.1.1', '2018-12-14 10:30:19'),
(56, 'admin', 5, '', 2, '192.168.1.1', '2018-12-14 10:31:11'),
(57, 'admin', 5, '商品 - 一階分類 - 手機,ID_11', 3, '192.168.1.1', '2018-12-14 10:35:50'),
(58, 'admin', 5, '1筆資料(''1'')', 5, '192.168.1.1', '2018-12-14 10:36:00'),
(59, 'admin', 5, '1筆資料(''2'')', 5, '192.168.1.1', '2018-12-14 10:36:04'),
(60, 'admin', 6, '', 2, '192.168.1.1', '2018-12-14 10:36:05'),
(61, 'admin', 5, '', 2, '192.168.1.1', '2018-12-14 10:36:07'),
(62, 'admin', 6, '', 2, '192.168.1.1', '2018-12-14 10:36:09'),
(63, 'admin', 5, '', 2, '192.168.1.1', '2018-12-14 10:36:10'),
(64, 'admin', 6, '', 2, '192.168.1.1', '2018-12-14 10:36:18'),
(65, 'admin', 6, '商品 - 二階分類 - SONY,ID_11', 3, '192.168.1.1', '2018-12-14 10:36:27'),
(66, 'admin', 6, '商品 - 二階分類 - APPLE,ID_12', 3, '192.168.1.1', '2018-12-14 10:36:34'),
(67, 'admin', 6, '商品 - 二階分類 - hTC,ID_13', 3, '192.168.1.1', '2018-12-14 10:36:55'),
(68, 'admin', 5, '', 2, '192.168.1.1', '2018-12-14 10:37:12'),
(69, 'admin', 6, '', 2, '192.168.1.1', '2018-12-14 10:37:16'),
(70, 'admin', 7, '', 2, '192.168.1.1', '2018-12-14 10:37:31'),
(71, 'admin', 7, '商品 - 商品,ID_23', 3, '192.168.1.1', '2018-12-14 10:44:39'),
(72, 'admin', 6, '', 2, '192.168.1.1', '2018-12-14 10:53:52'),
(73, 'admin', 5, '', 2, '192.168.1.1', '2018-12-14 10:53:53'),
(74, 'admin', 5, '商品 - 一階分類 - 筆電,ID_12', 3, '192.168.1.1', '2018-12-14 10:55:15'),
(75, 'admin', 6, '', 2, '192.168.1.1', '2018-12-14 10:55:19'),
(76, 'admin', 6, '商品 - 二階分類 - APPLE,ID_14', 3, '192.168.1.1', '2018-12-14 10:55:30'),
(77, 'admin', 6, '商品 - 二階分類 - ASUS,ID_15', 3, '192.168.1.1', '2018-12-14 10:55:41'),
(78, 'admin', 6, '商品 - 二階分類 - lenovo,ID_16', 3, '192.168.1.1', '2018-12-14 10:55:54'),
(79, 'admin', 7, '', 2, '192.168.1.1', '2018-12-14 10:55:59'),
(80, 'admin', 7, '商品 - 商品,ID_23', 4, '192.168.1.1', '2018-12-14 10:56:26'),
(81, 'admin', 6, '', 2, '192.168.1.1', '2018-12-14 10:57:23'),
(82, 'admin', 7, '', 2, '192.168.1.1', '2018-12-14 10:57:27'),
(83, 'admin', 7, '商品 - 商品,ID_24', 3, '192.168.1.1', '2018-12-14 11:00:33'),
(84, 'admin', 6, '', 2, '192.168.1.1', '2018-12-14 11:00:52'),
(85, 'admin', 5, '', 2, '192.168.1.1', '2018-12-14 11:00:54'),
(86, 'admin', 10, '', 2, '192.168.1.1', '2018-12-14 11:02:36'),
(87, 'admin', 10, '運費 - 運費設定,ID_1', 4, '192.168.1.1', '2018-12-14 11:02:51'),
(88, 'admin', 3, '', 2, '192.168.1.1', '2018-12-14 11:03:03'),
(89, 'admin', 2, '', 2, '192.168.1.1', '2018-12-14 11:03:06'),
(90, 'admin', 8, '', 2, '192.168.1.1', '2018-12-14 11:03:13'),
(91, 'admin', 7, '', 2, '192.168.1.1', '2018-12-14 11:03:35'),
(92, 'admin', 7, '商品 - 商品,ID_25', 3, '192.168.1.1', '2018-12-14 11:26:07'),
(93, 'admin', 6, '', 2, '192.168.1.1', '2018-12-14 11:26:47'),
(94, 'admin', 5, '', 2, '192.168.1.1', '2018-12-14 11:26:48'),
(95, 'admin', 7, '', 2, '192.168.1.1', '2018-12-14 11:31:27'),
(96, 'admin', 5, '', 2, '192.168.1.1', '2018-12-14 11:31:34'),
(97, 'admin', 6, '', 2, '192.168.1.1', '2018-12-14 11:31:36'),
(98, 'admin', 7, '', 2, '192.168.1.1', '2018-12-14 11:38:56'),
(99, 'admin', 8, '', 2, '192.168.1.1', '2018-12-14 11:39:06'),
(100, 'admin', 7, '', 2, '192.168.1.1', '2018-12-14 11:40:55'),
(101, 'admin', 8, '', 2, '192.168.1.1', '2018-12-14 11:46:25'),
(102, 'admin', 8, '會員 - 會員列表,ID_33', 4, '192.168.1.1', '2018-12-14 12:22:40'),
(103, 'admin', 11, '列表', 2, '192.168.1.1', '2018-12-14 12:49:46'),
(104, 'admin', 11, 'Greg', 4, '192.168.1.1', '2018-12-14 12:50:31'),
(105, 'admin', 8, '', 2, '192.168.1.1', '2018-12-14 12:51:01'),
(106, 'admin', 7, '', 2, '192.168.1.1', '2018-12-14 12:53:04'),
(107, 'admin', 5, '', 2, '192.168.1.1', '2018-12-14 13:04:57'),
(108, 'admin', 5, '商品 - 一階分類 - 美妝,ID_13', 3, '192.168.1.1', '2018-12-14 13:05:33'),
(109, 'admin', 6, '', 2, '192.168.1.1', '2018-12-14 13:05:39'),
(110, 'admin', 6, '商品 - 二階分類 - L&#039;OCCITANE 歐舒丹,ID_17', 3, '192.168.1.1', '2018-12-14 13:06:23'),
(111, 'admin', 7, '', 2, '192.168.1.1', '2018-12-14 13:10:52'),
(112, 'admin', 7, '商品 - 商品,ID_25', 4, '192.168.1.1', '2018-12-14 13:11:39'),
(113, 'admin', 1, '成功', 0, '192.168.1.1', '2018-12-14 15:20:26'),
(114, 'admin', 1, '成功', 0, '192.168.1.1', '2018-12-14 15:22:25'),
(115, 'admin', 9, '', 2, '192.168.1.1', '2018-12-14 15:22:29'),
(116, 'admin', 5, '', 2, '192.168.1.1', '2018-12-14 15:23:01'),
(117, 'admin', 6, '', 2, '192.168.1.1', '2018-12-14 15:23:03'),
(118, 'admin', 8, '', 2, '192.168.1.1', '2018-12-14 15:23:06'),
(119, 'admin', 6, '', 2, '192.168.1.1', '2018-12-14 15:23:15'),
(120, 'admin', 8, '', 2, '192.168.1.1', '2018-12-14 15:23:16'),
(121, 'admin', 10, '', 2, '192.168.1.1', '2018-12-14 15:23:20'),
(122, 'admin', 2, '', 2, '192.168.1.1', '2018-12-14 15:23:22'),
(123, 'admin', 3, '', 2, '192.168.1.1', '2018-12-14 15:23:23'),
(124, 'admin', 11, '列表', 2, '192.168.1.1', '2018-12-14 15:23:26'),
(125, 'admin', 1, '列表', 2, '192.168.1.1', '2018-12-14 15:23:53'),
(126, 'admin', 9, '', 2, '192.168.1.1', '2018-12-14 15:23:58'),
(127, 'admin', 7, '', 2, '192.168.1.1', '2018-12-14 15:56:50'),
(128, 'admin', 11, '列表', 2, '192.168.1.1', '2018-12-14 15:56:55'),
(129, 'admin', 2, '', 2, '192.168.1.1', '2018-12-14 15:57:05'),
(130, 'admin', 7, '', 2, '192.168.1.1', '2018-12-14 15:57:29'),
(131, 'admin', 7, '商品 - 商品,ID_27', 4, '192.168.1.1', '2018-12-14 15:57:40'),
(132, 'admin', 7, '', 2, '192.168.1.1', '2018-12-14 16:03:30'),
(133, 'admin', 10, '', 2, '192.168.1.1', '2018-12-14 16:07:12'),
(134, 'admin', 10, '運費 - 運費設定,ID_1', 4, '192.168.1.1', '2018-12-14 16:07:36'),
(135, 'admin', 7, '', 2, '192.168.1.1', '2018-12-14 16:07:45'),
(136, 'admin', 10, '', 2, '192.168.1.1', '2018-12-14 16:08:03'),
(137, 'admin', 10, '運費 - 運費設定,ID_1', 4, '192.168.1.1', '2018-12-14 16:08:11'),
(138, 'admin', 10, '運費 - 運費設定,ID_2', 4, '192.168.1.1', '2018-12-14 16:08:27'),
(139, 'admin', 10, '', 2, '192.168.1.1', '2018-12-14 16:08:43'),
(140, 'admin', 2, '', 2, '192.168.1.1', '2018-12-14 16:38:10'),
(141, 'admin', 5, '', 2, '192.168.1.1', '2018-12-14 16:38:13'),
(142, 'admin', 6, '', 2, '192.168.1.1', '2018-12-14 16:38:15'),
(143, 'admin', 7, '', 2, '192.168.1.1', '2018-12-14 16:38:17'),
(144, 'admin', 9, '', 2, '192.168.1.1', '2018-12-14 16:39:25'),
(145, 'admin', 9, '201812140004', 4, '192.168.1.1', '2018-12-14 16:39:42'),
(146, 'admin', 9, '201812140005', 4, '192.168.1.1', '2018-12-14 16:43:01'),
(147, 'admin', 10, '', 2, '192.168.1.1', '2018-12-14 16:43:33'),
(148, 'admin', 3, '', 2, '192.168.1.1', '2018-12-14 17:41:56'),
(149, 'admin', 7, '商品 - 商品,ID_27', 4, '192.168.1.1', '2018-12-17 11:41:10'),
(150, 'admin', 7, '商品 - 商品,ID_25', 4, '192.168.1.1', '2018-12-17 11:41:33'),
(151, 'admin', 7, '商品 - 商品,ID_24', 4, '192.168.1.1', '2018-12-17 11:41:42'),
(152, 'admin', 7, '商品 - 商品,ID_23', 4, '192.168.1.1', '2018-12-17 11:41:54'),
(153, 'admin', 7, '商品 - 商品,ID_25', 4, '192.168.1.1', '2018-12-17 11:42:04');

-- --------------------------------------------------------

--
-- 資料表結構 `925_member`
--

CREATE TABLE `925_member` (
  `member_id` int(11) NOT NULL,
  `member_fb_id` varchar(100) COLLATE utf8_unicode_ci NOT NULL,
  `member_account` varchar(20) COLLATE utf8_unicode_ci NOT NULL,
  `member_password` varchar(40) COLLATE utf8_unicode_ci NOT NULL,
  `member_name` varchar(20) COLLATE utf8_unicode_ci NOT NULL,
  `member_phone` varchar(20) COLLATE utf8_unicode_ci NOT NULL,
  `member_email` varchar(255) COLLATE utf8_unicode_ci NOT NULL,
  `member_address` varchar(255) COLLATE utf8_unicode_ci NOT NULL,
  `member_is_show` int(11) NOT NULL DEFAULT '0',
  `member_manager` varchar(15) COLLATE utf8_unicode_ci NOT NULL,
  `member_create_time` datetime NOT NULL,
  `member_update_time` datetime NOT NULL
) ENGINE=MyISAM DEFAULT CHARSET=utf8 COLLATE=utf8_unicode_ci COMMENT='會員';

--
-- 資料表的匯出資料 `925_member`
--

INSERT INTO `925_member` (`member_id`, `member_fb_id`, `member_account`, `member_password`, `member_name`, `member_phone`, `member_email`, `member_address`, `member_is_show`, `member_manager`, `member_create_time`, `member_update_time`) VALUES
(1, '', 'bill', 'f7c3bc1d808e04732adf679965ccc34ca7ae3441', '謝家鉎', '24607688', 'bill@coder.com.tw', '台中市南區忠明南路760號21樓A6', 0, 'bill', '2015-11-13 12:30:00', '2015-12-25 17:40:56'),
(18, '', 'bill3', '7c4a8d09ca3762af61e59520943dc26494f8941b', '中文', 'test', 'pic@coder.com.tw', 'test', 0, 'admin', '2015-11-30 14:32:44', '2016-01-12 18:02:22'),
(24, '100000258156915', '100000258156915', '', 'Bill Hsieh', '', '', '', 0, 'web', '2015-12-08 11:49:35', '2015-12-08 11:49:35'),
(25, '', 'maci', '3367c585a17c9615ca42ff42550314b6d07180fc', '柳文昌', '0935736993', 'maci.liou@gmail.com', '新北市五股區', 0, 'maci', '2015-12-22 10:51:13', '2015-12-22 10:51:46'),
(26, '10200894870770736', '10200894870770736', '', 'Maci Liou', '', '', '', 0, 'web', '2015-12-22 15:15:30', '2015-12-22 15:15:30'),
(27, '133446717032624', '133446717032624', '7c4a8d09ca3762af61e59520943dc26494f8941b', '濱濱', 'test', 'pin@coder.com.tw', 'testtest', 0, '133446717032624', '2016-01-12 16:09:03', '2016-01-21 12:14:48'),
(32, '', 'jessica', 'aefcab3d9b715315c59bcefbcd7b35ae1ab64189', '雷亓', '0966666666', 'jessica@coder.com.tw', '地球村', 0, 'jessica', '2016-04-11 16:45:00', '2016-04-12 16:41:26'),
(33, '', 'Greg', 'd6cd413ead84f173d5be5d9bcdfd5fa92bacc506', '金城武', '0912345678', 'goldcityfive@gmail.com', 'white house 302', 0, 'admin', '2018-12-14 11:47:14', '2018-12-14 14:23:36');

-- --------------------------------------------------------

--
-- 資料表結構 `925_meta`
--

CREATE TABLE `925_meta` (
  `meta_id` int(11) NOT NULL,
  `meta_keyword` longtext COLLATE utf8_unicode_ci NOT NULL,
  `meta_description` longtext COLLATE utf8_unicode_ci NOT NULL,
  `meta_ga` longtext COLLATE utf8_unicode_ci NOT NULL,
  `meta_manager` varchar(15) COLLATE utf8_unicode_ci NOT NULL,
  `meta_create_time` datetime NOT NULL,
  `meta_update_time` datetime NOT NULL
) ENGINE=MyISAM DEFAULT CHARSET=utf8 COLLATE=utf8_unicode_ci COMMENT='meta資料';

--
-- 資料表的匯出資料 `925_meta`
--

INSERT INTO `925_meta` (`meta_id`, `meta_keyword`, `meta_description`, `meta_ga`, `meta_manager`, `meta_create_time`, `meta_update_time`) VALUES
(1, 'sfdsdf,fsdf,sdfsdf', 'sdfsdfs sdfsdf  sdfsdfsfsdf sdfsfgsdgf', 'afasfasfasfasfasfadgdgdg\nfghfdghfdghfdgh\nfdghfghfdghfghfghfg', 'admin', '2015-11-09 00:00:00', '2015-11-11 10:56:35');

-- --------------------------------------------------------

--
-- 資料表結構 `925_order`
--

CREATE TABLE `925_order` (
  `order_id` int(11) NOT NULL,
  `order_sno` varchar(20) COLLATE utf8_unicode_ci NOT NULL,
  `order_member_id` int(11) NOT NULL,
  `order_shop_id` int(11) NOT NULL,
  `order_payment_type` int(11) NOT NULL,
  `order_payment_state` int(11) NOT NULL,
  `order_state` int(11) NOT NULL,
  `order_express_type` int(11) NOT NULL,
  `order_comment` text COLLATE utf8_unicode_ci NOT NULL,
  `order_total_price` int(11) NOT NULL,
  `order_freight` int(11) NOT NULL,
  `order_bonus` int(11) NOT NULL,
  `order_purchaser_name` varchar(20) COLLATE utf8_unicode_ci NOT NULL,
  `order_recipient_name` varchar(20) COLLATE utf8_unicode_ci NOT NULL,
  `order_recipient_email` varchar(255) COLLATE utf8_unicode_ci NOT NULL,
  `order_recipient_phone` varchar(20) COLLATE utf8_unicode_ci NOT NULL,
  `order_recipient_zcode` int(11) NOT NULL,
  `order_recipient_address` varchar(255) COLLATE utf8_unicode_ci NOT NULL,
  `order_invoice` int(11) NOT NULL,
  `order_company_invoice` int(11) NOT NULL,
  `order_express_sno` varchar(20) COLLATE utf8_unicode_ci NOT NULL,
  `order_manager` varchar(15) COLLATE utf8_unicode_ci NOT NULL,
  `order_create_time` datetime NOT NULL,
  `order_update_time` datetime NOT NULL,
  `order_pay_time` datetime NOT NULL,
  `order_express_time` datetime NOT NULL,
  `order_get_time` datetime NOT NULL,
  `order_payment_back` longtext COLLATE utf8_unicode_ci NOT NULL
) ENGINE=InnoDB DEFAULT CHARSET=utf8 COLLATE=utf8_unicode_ci COMMENT='訂單';

--
-- 資料表的匯出資料 `925_order`
--

INSERT INTO `925_order` (`order_id`, `order_sno`, `order_member_id`, `order_shop_id`, `order_payment_type`, `order_payment_state`, `order_state`, `order_express_type`, `order_comment`, `order_total_price`, `order_freight`, `order_bonus`, `order_purchaser_name`, `order_recipient_name`, `order_recipient_email`, `order_recipient_phone`, `order_recipient_zcode`, `order_recipient_address`, `order_invoice`, `order_company_invoice`, `order_express_sno`, `order_manager`, `order_create_time`, `order_update_time`, `order_pay_time`, `order_express_time`, `order_get_time`, `order_payment_back`) VALUES
(1, '201601120001', 1, 1, 1, 1, 0, 1, '', 300, 60, 2, '謝家鉎', '謝家鉎', 'bill@coder.com.tw', '24607688', 0, '台中市南區忠明南路760號21樓A6', 1, 0, '', '', '2016-01-12 15:22:14', '2016-01-12 15:22:14', '0000-00-00 00:00:00', '0000-00-00 00:00:00', '0000-00-00 00:00:00', 's:256:"final_result=1/P_MerchantNumber=760958/P_OrderNumber=201601120001/P_Amount=360.00/P_CheckSum=3493a378a1c373fea357ac055ca21643/final_return_PRC=0/final_return_SRC=0/final_return_ApproveCode=CI5782/final_return_BankRC=0/00/final_return_BatchNumber=2016011201";'),
(2, '201601120002', 1, 9, 2, 1, 0, 2, '', 110, 60, 5, '謝家鉎', '中文本名', 'test@test.com', '0999999999', 888, '英才路501號6樓10室', 1, 0, '', '', '2016-01-12 15:41:27', '2016-01-12 15:41:27', '0000-00-00 00:00:00', '0000-00-00 00:00:00', '0000-00-00 00:00:00', ''),
(3, '201601120003', 1, 10, 1, 1, 0, 2, '', 250, 60, 2, '謝家鉎', '謝家鉎', 'bill@coder.com.tw', '24607688', 0, '台中市南區忠明南路760號21樓A6', 1, 0, '', '', '2016-01-12 15:48:49', '2016-01-12 15:48:49', '0000-00-00 00:00:00', '0000-00-00 00:00:00', '0000-00-00 00:00:00', 's:256:"final_result=1/P_MerchantNumber=760958/P_OrderNumber=201601120003/P_Amount=310.00/P_CheckSum=157dbaddd74a30cc0c2b87ea09eea7a6/final_return_PRC=0/final_return_SRC=0/final_return_ApproveCode=CI3569/final_return_BankRC=0/00/final_return_BatchNumber=2016011201";'),
(4, '201601120004', 1, 10, 1, 0, 0, 2, '', 350, 60, 4, '謝家鉎', '謝家鉎', 'bill@coder.com.tw', '24607688', 0, '台中市南區忠明南路760號21樓A6', 1, 0, '', '', '2016-01-12 15:57:53', '2016-01-12 15:57:53', '0000-00-00 00:00:00', '0000-00-00 00:00:00', '0000-00-00 00:00:00', ''),
(5, '201601120005', 27, 10, 2, 1, 3, 2, '', 600, 60, 2, '濱濱', '濱濱', 'pin@coder.com.tw', 'test', 0, 'testtest', 1, 0, '', '', '2016-01-12 16:31:20', '2016-01-12 16:31:20', '0000-00-00 00:00:00', '0000-00-00 00:00:00', '0000-00-00 00:00:00', ''),
(6, '201601120006', 27, 10, 2, 1, 13, 1, '', 300, 60, 2, '濱濱', '濱濱', 'pin@coder.com.tw', 'test', 0, 'testtest', 1, 0, '', '', '2016-01-12 16:35:05', '2016-01-12 16:35:05', '0000-00-00 00:00:00', '0000-00-00 00:00:00', '0000-00-00 00:00:00', ''),
(7, '201601120007', 27, 10, 3, 0, 11, 1, '', 10900, 0, 52, '濱濱', '全家就是你家', 'pin@coder.com.tw', '沒有電話', 324, '台中市合作街336號', 1, 0, '', '', '2016-01-12 16:56:08', '2016-01-12 16:56:08', '0000-00-00 00:00:00', '0000-00-00 00:00:00', '0000-00-00 00:00:00', ''),
(8, '201601120008', 27, 6, 4, 1, 3, 1, '', 12222, 0, 70, '濱濱', '全家就是你家', 'pin@coder.com.tw', '沒有電話', 324, '台中市合作街336號', 1, 0, '', '', '2016-01-12 17:18:21', '2016-01-12 17:18:21', '0000-00-00 00:00:00', '0000-00-00 00:00:00', '0000-00-00 00:00:00', ''),
(9, '201601120009', 27, 10, 2, 0, 11, 1, '', 999, 60, 30, '濱濱', '濱濱', 'pin@coder.com.tw', 'test', 0, 'testtest', 1, 0, '', '', '2016-01-12 17:18:36', '2016-01-12 17:18:36', '0000-00-00 00:00:00', '0000-00-00 00:00:00', '0000-00-00 00:00:00', ''),
(10, '201601120010', 27, 6, 1, 0, 11, 2, '', 80, 60, 11, '濱濱', '濱濱', 'pin@coder.com.tw', 'test', 0, 'testtest', 1, 0, '', '', '2016-01-12 17:20:24', '2016-01-12 17:20:24', '0000-00-00 00:00:00', '0000-00-00 00:00:00', '0000-00-00 00:00:00', ''),
(11, '201601120011', 27, 9, 1, 1, 12, 2, '', 550, 60, 5, '濱濱', '濱濱', 'pin@coder.com.tw', 'test', 0, 'testtest', 1, 0, '', '', '2016-01-12 17:21:14', '2016-01-12 17:21:14', '2016-01-21 11:32:48', '0000-00-00 00:00:00', '0000-00-00 00:00:00', ''),
(12, '201601120012', 27, 6, 4, 0, 11, 2, '', 22220, 0, 50, '濱濱', '濱濱', 'pin@coder.com.tw', 'test', 0, 'testtest', 1, 0, '', '', '2016-01-12 17:27:33', '2016-01-12 17:27:33', '0000-00-00 00:00:00', '0000-00-00 00:00:00', '0000-00-00 00:00:00', ''),
(13, '201601120013', 27, 9, 4, 1, 3, 1, '', 9999, 0, 999, '濱濱', '全家就是你家', 'pin@coder.com.tw', '沒有電話', 324, '台中市合作街336號', 1, 0, '', '', '2016-01-12 18:23:50', '2016-01-12 18:23:50', '2016-01-21 11:32:22', '2016-01-21 11:32:18', '2016-01-21 11:32:22', ''),
(14, '201601120014', 27, 9, 4, 1, 31, 2, '', 9999, 0, 999, '濱濱', '濱濱', 'pin@coder.com.tw', 'test', 0, 'testtest', 1, 0, '', '', '2016-01-12 18:25:00', '2016-01-12 18:25:00', '0000-00-00 00:00:00', '0000-00-00 00:00:00', '0000-00-00 00:00:00', ''),
(15, '201601120015', 27, 9, 4, 1, 3, 2, '', 9999, 0, 999, '濱濱', '濱濱', 'pin@coder.com.tw', 'test', 0, 'testtest', 1, 0, '', '', '2016-01-12 18:25:32', '2016-01-12 18:25:32', '2016-01-21 11:31:41', '0000-00-00 00:00:00', '2016-01-21 11:31:41', ''),
(16, '201601120016', 27, 9, 3, 0, 11, 2, '', 55, 60, 5, '濱濱', '濱濱', 'pin@coder.com.tw', 'test', 0, 'testtest', 1, 0, '', '', '2016-01-12 18:26:29', '2016-01-12 18:26:29', '0000-00-00 00:00:00', '0000-00-00 00:00:00', '0000-00-00 00:00:00', ''),
(17, '201601120017', 27, 9, 1, 0, 11, 2, '', 9999, 0, 999, '濱濱', '濱濱', 'pin@coder.com.tw', 'test', 0, 'testtest', 1, 0, '', '', '2016-01-12 18:40:32', '2016-01-12 18:40:32', '0000-00-00 00:00:00', '0000-00-00 00:00:00', '0000-00-00 00:00:00', ''),
(18, '201601120018', 27, 9, 2, 0, 11, 1, '', 55, 60, 5, '濱濱', '濱濱', 'pin@coder.com.tw', 'test', 0, 'testtest', 1, 0, '', '', '2016-01-12 18:41:26', '2016-01-12 18:41:26', '0000-00-00 00:00:00', '0000-00-00 00:00:00', '0000-00-00 00:00:00', ''),
(19, '201601120019', 27, 9, 3, 0, 11, 2, '', 55, 60, 5, '濱濱', '濱濱', 'pin@coder.com.tw', 'test', 0, 'testtest', 1, 0, '', '', '2016-01-12 18:42:04', '2016-01-12 18:42:04', '0000-00-00 00:00:00', '0000-00-00 00:00:00', '0000-00-00 00:00:00', ''),
(20, '201601120020', 27, 9, 1, 1, 11, 1, '', 9999, 0, 999, '濱濱', '濱濱', 'pin@coder.com.tw', 'test', 0, 'testtest', 1, 0, '', '', '2016-01-12 18:43:30', '2016-01-12 18:43:30', '2016-01-21 11:30:51', '0000-00-00 00:00:00', '0000-00-00 00:00:00', 's:257:"final_result=1/P_MerchantNumber=760958/P_OrderNumber=201601120020/P_Amount=9999.00/P_CheckSum=3e02adb4d55a966b04bc42bbec63aa54/final_return_PRC=0/final_return_SRC=0/final_return_ApproveCode=CI1474/final_return_BankRC=0/00/final_return_BatchNumber=2016011201";'),
(21, '201601150001', 27, 9, 4, 0, 11, 2, '', 9999, 0, 999, '濱濱', '濱濱', 'pin@coder.com.tw', 'test', 0, 'testtest', 1, 0, '', '', '2016-01-15 15:30:15', '2016-01-15 15:30:15', '0000-00-00 00:00:00', '0000-00-00 00:00:00', '0000-00-00 00:00:00', ''),
(22, '201601150002', 27, 9, 4, 1, 3, 2, '', 9999, 0, 999, '濱濱', '濱濱', 'pin@coder.com.tw', 'test', 0, 'testtest', 1, 0, '', '', '2016-01-15 15:30:39', '2016-01-15 15:30:39', '2016-01-15 15:33:45', '2016-01-15 15:32:52', '2016-01-15 15:33:45', ''),
(23, '201601150003', 27, 9, 1, 0, 11, 1, '', 55, 60, 5, '濱濱', '濱濱', 'pin@coder.com.tw', 'test', 0, 'testtest', 1, 0, '', '', '2016-01-15 15:34:15', '2016-01-15 15:34:15', '0000-00-00 00:00:00', '0000-00-00 00:00:00', '0000-00-00 00:00:00', ''),
(24, '201601150004', 27, 10, 4, 1, 11, 2, '', 300, 60, 2, '濱濱', '濱濱', 'pin@coder.com.tw', 'test', 0, 'testtest', 1, 0, '', '', '2016-01-15 15:34:37', '2016-01-15 15:34:37', '2016-01-15 15:35:24', '0000-00-00 00:00:00', '0000-00-00 00:00:00', ''),
(25, '201601150005', 27, 10, 4, 1, 3, 1, '', 300, 60, 2, '濱濱', '濱濱', 'pin@coder.com.tw', 'test', 0, 'testtest', 1, 0, '', '', '2016-01-15 15:36:25', '2016-01-15 15:36:25', '2016-01-21 11:30:27', '2016-01-15 15:36:52', '2016-01-21 11:30:27', ''),
(26, '201601210001', 27, 9, 1, 1, 30, 1, '', 9999, 0, 999, '濱濱', '濱濱', 'pin@coder.com.tw', 'test', 0, 'testtest', 1, 0, '', '', '2016-01-21 11:33:39', '2016-01-21 11:33:39', '2016-01-21 11:46:10', '0000-00-00 00:00:00', '0000-00-00 00:00:00', ''),
(27, '201601210002', 27, 10, 1, 1, 11, 2, '', 300, 60, 2, '濱濱', '濱濱', 'pin@coder.com.tw', 'test', 0, 'testtest', 1, 0, '', '', '2016-01-21 11:35:52', '2016-01-21 11:35:52', '2016-01-21 11:38:58', '0000-00-00 00:00:00', '0000-00-00 00:00:00', 's:256:"final_result=1/P_MerchantNumber=760958/P_OrderNumber=201601210002/P_Amount=360.00/P_CheckSum=c2b9e1517c75644023e6268cd339ede7/final_return_PRC=0/final_return_SRC=0/final_return_ApproveCode=CI3124/final_return_BankRC=0/00/final_return_BatchNumber=2016012101";'),
(28, '201601210003', 27, 10, 2, 1, 3, 2, '', 50, 60, 2, '濱濱', '濱濱', 'pin@coder.com.tw', 'test', 0, 'testtest', 1, 0, '', '', '2016-01-21 11:47:14', '2016-01-21 11:47:14', '2016-01-21 11:48:32', '2016-01-21 11:47:54', '2016-01-21 11:48:32', ''),
(29, '201603280001', 1, 10, 4, 0, 0, 1, '', 350, 60, 4, '謝家鉎', '謝家鉎', 'bill@coder.com.tw', '24607688', 0, '台中市南區忠明南路760號21樓A6', 1, 0, '', '', '2016-03-28 18:38:54', '2016-03-28 18:38:54', '0000-00-00 00:00:00', '0000-00-00 00:00:00', '0000-00-00 00:00:00', ''),
(30, '201604110001', 32, 10, 1, 1, 2, 1, '', 999, 60, 30, '雷亓', '雷亓', 'jessica@coder.com.tw', '0966666666', 0, '台中', 1, 0, '', '', '2016-04-11 23:13:09', '2016-04-11 23:13:09', '2016-04-11 23:40:48', '2016-04-11 23:40:48', '0000-00-00 00:00:00', ''),
(31, '201604110002', 32, 9, 1, 0, 0, 1, '', 9999, 0, 999, '雷亓', '雷亓', 'jessica@coder.com.tw', '0966666666', 0, '台中', 1, 0, '', '', '2016-04-11 23:14:26', '2016-04-11 23:14:26', '0000-00-00 00:00:00', '0000-00-00 00:00:00', '0000-00-00 00:00:00', ''),
(32, '201604120001', 32, 10, 1, 0, 0, 2, '', 300, 60, 2, '雷亓', '雷亓', 'jessica@coder.com.tw', '0966666666', 0, '台中', 1, 0, '', '', '2016-04-12 13:31:18', '2016-04-12 13:31:18', '0000-00-00 00:00:00', '0000-00-00 00:00:00', '0000-00-00 00:00:00', ''),
(33, '201604120002', 32, 6, 1, 0, 0, 2, '', 80, 60, 11, '雷亓', '雷亓', 'jessica@coder.com.tw', '0966666666', 0, '地球村', 1, 0, '', '', '2016-04-12 16:56:49', '2016-04-12 16:56:49', '0000-00-00 00:00:00', '0000-00-00 00:00:00', '0000-00-00 00:00:00', ''),
(34, '201604120003', 0, 9, 1, 0, 0, 0, '', 19998, 0, 999, '卡到陰', '卡到陰', 'jessia@coder.com.tw', '0955555555', 420, '台中市', 1, 0, '', '', '2016-04-12 17:34:32', '2016-04-12 17:34:32', '0000-00-00 00:00:00', '0000-00-00 00:00:00', '0000-00-00 00:00:00', ''),
(35, '201604120004', 0, 10, 1, 0, 0, 2, '', 300, 60, 2, '哈囉', '哈囉', 'kk@gmail.com', '0933333333', 420, '台台', 1, 1, '', '', '2016-04-12 17:44:01', '2016-04-12 17:44:01', '0000-00-00 00:00:00', '0000-00-00 00:00:00', '0000-00-00 00:00:00', ''),
(36, '201604130001', 0, 9, 1, 1, 2, 2, '訂單備註', 165, 60, 5, '阿', '阿', 'jessica@coder.com.tw', '0966666666', 420, '抬抬', 1, 0, 'A0001', '', '2016-04-13 11:31:34', '2016-04-13 11:31:34', '2016-04-13 20:04:13', '2016-04-13 20:04:13', '2016-04-13 14:10:00', ''),
(37, '201604130002', 32, 10, 1, 1, 1, 1, '', 300, 60, 2, '雷亓', '雷亓', 'jessica@coder.com.tw', '0966666666', 0, '地球村', 1, 0, '', '', '2016-04-13 12:05:10', '2016-04-13 12:05:10', '2016-04-13 19:23:20', '0000-00-00 00:00:00', '0000-00-00 00:00:00', ''),
(38, '201812140001', 0, 3, 1, 0, 0, 2, '', 33900, 0, 0, '馬英九', '馬英九', 'goldcityfive@gmail.com', '0999999999', 811, 'white house 302', 1, 0, '', '', '2018-12-14 12:54:35', '2018-12-14 12:54:35', '0000-00-00 00:00:00', '0000-00-00 00:00:00', '0000-00-00 00:00:00', ''),
(39, '201812140002', 0, 3, 2, 0, 0, 2, '', 33900, 0, 0, '馬英九', '馬英九', 'goldcityfive@gmail.com', '0999999999', 811, 'white house 302', 1, 0, '', '', '2018-12-14 12:54:47', '2018-12-14 12:54:47', '0000-00-00 00:00:00', '0000-00-00 00:00:00', '0000-00-00 00:00:00', ''),
(40, '201812140003', 0, 3, 3, 0, 0, 2, '', 33900, 0, 0, '馬英九', '馬英九', 'goldcityfive@gmail.com', '0999999999', 811, 'white house 302', 1, 0, '', '', '2018-12-14 12:54:53', '2018-12-14 12:54:53', '0000-00-00 00:00:00', '0000-00-00 00:00:00', '0000-00-00 00:00:00', ''),
(41, '201812140004', 0, 3, 4, 1, 0, 2, '', 33900, 0, 0, '馬英九', '馬英九', 'goldcityfive@gmail.com', '0999999999', 811, 'white house 302', 1, 0, '', '', '2018-12-14 12:54:59', '2018-12-14 12:54:59', '2018-12-14 16:39:42', '0000-00-00 00:00:00', '0000-00-00 00:00:00', ''),
(42, '201812140005', 0, 3, 4, 0, 0, 2, '快速到貨', 33900, 0, 0, '馬英九', '馬英九', 'goldcityfive@gmail.com', '0999999999', 811, 'white house 302', 1, 0, '333222111', '', '2018-12-14 12:56:23', '2018-12-14 12:56:23', '0000-00-00 00:00:00', '0000-00-00 00:00:00', '0000-00-00 00:00:00', ''),
(43, '201812140006', 0, 3, 4, 0, 0, 2, '', 33900, 0, 0, '馬英九', '馬英九', 'goldcityfive@gmail.com', '0999999999', 811, 'white house 302', 1, 0, '', '', '2018-12-14 12:56:46', '2018-12-14 12:56:46', '0000-00-00 00:00:00', '0000-00-00 00:00:00', '0000-00-00 00:00:00', '');

-- --------------------------------------------------------

--
-- 資料表結構 `925_orderdetail`
--

CREATE TABLE `925_orderdetail` (
  `orderdetail_id` int(11) NOT NULL,
  `orderdetail_order_sno` varchar(20) COLLATE utf8_unicode_ci NOT NULL,
  `orderdetail_product_id` int(11) NOT NULL,
  `orderdetail_product_sno` varchar(20) COLLATE utf8_unicode_ci NOT NULL,
  `orderdetail_shop_id` int(11) NOT NULL,
  `orderdetail_price` int(11) NOT NULL,
  `orderdetail_amount` int(11) NOT NULL,
  `orderdetail_total_price` int(11) NOT NULL,
  `orderdetail_state` int(11) NOT NULL,
  `orderdetail_create_time` datetime NOT NULL,
  `orderdetail_update_time` datetime NOT NULL
) ENGINE=InnoDB DEFAULT CHARSET=utf8 COLLATE=utf8_unicode_ci COMMENT='訂單明細';

--
-- 資料表的匯出資料 `925_orderdetail`
--

INSERT INTO `925_orderdetail` (`orderdetail_id`, `orderdetail_order_sno`, `orderdetail_product_id`, `orderdetail_product_sno`, `orderdetail_shop_id`, `orderdetail_price`, `orderdetail_amount`, `orderdetail_total_price`, `orderdetail_state`, `orderdetail_create_time`, `orderdetail_update_time`) VALUES
(1, '201601120001', 8, 'cat123', 10, 300, 1, 300, 0, '2016-01-12 15:22:14', '2016-01-12 15:22:14'),
(2, '201601120002', 7, 'aa00222', 9, 55, 2, 110, 0, '2016-01-12 15:41:27', '2016-01-12 15:41:27'),
(3, '201601120003', 1, 'aa0011', 10, 50, 5, 250, 0, '2016-01-12 15:48:49', '2016-01-12 15:48:49'),
(4, '201601120004', 1, 'aa0011', 10, 50, 1, 50, 0, '2016-01-12 15:57:53', '2016-01-12 15:57:53'),
(5, '201601120004', 8, 'cat123', 10, 300, 1, 300, 0, '2016-01-12 15:57:53', '2016-01-12 15:57:53'),
(6, '201601120005', 8, 'cat123', 10, 300, 2, 600, 0, '2016-01-12 16:31:20', '2016-01-12 16:31:20'),
(7, '201601120006', 8, 'cat123', 10, 300, 1, 300, 0, '2016-01-12 16:35:05', '2016-01-12 16:35:05'),
(8, '201601120007', 8, 'cat123', 10, 300, 3, 900, 0, '2016-01-12 16:56:08', '2016-01-12 16:56:08'),
(9, '201601120007', 3, '0011', 10, 1000, 10, 10000, 0, '2016-01-12 16:56:08', '2016-01-12 16:56:08'),
(10, '201601120008', 5, 'ss555', 6, 1000, 10, 10000, 0, '2016-01-12 17:18:21', '2016-01-12 17:18:21'),
(11, '201601120008', 6, '5556', 6, 2222, 1, 2222, 0, '2016-01-12 17:18:21', '2016-01-12 17:18:21'),
(12, '201601120009', 4, '555', 10, 999, 1, 999, 0, '2016-01-12 17:18:36', '2016-01-12 17:18:36'),
(13, '201601120010', 2, 'aa0012', 6, 80, 1, 80, 0, '2016-01-12 17:20:24', '2016-01-12 17:20:24'),
(14, '201601120011', 7, 'aa00222', 9, 55, 10, 550, 0, '2016-01-12 17:21:14', '2016-01-12 17:21:14'),
(15, '201601120012', 6, '5556', 6, 2222, 10, 22220, 0, '2016-01-12 17:27:33', '2016-01-12 17:27:33'),
(16, '201601120013', 9, '100', 9, 9999, 1, 9999, 0, '2016-01-12 18:23:50', '2016-01-12 18:23:50'),
(17, '201601120014', 9, '100', 9, 9999, 1, 9999, 0, '2016-01-12 18:25:00', '2016-01-12 18:25:00'),
(18, '201601120015', 9, '100', 9, 9999, 1, 9999, 0, '2016-01-12 18:25:32', '2016-01-12 18:25:32'),
(19, '201601120016', 7, 'aa00222', 9, 55, 1, 55, 0, '2016-01-12 18:26:29', '2016-01-12 18:26:29'),
(20, '201601120017', 9, '100', 9, 9999, 1, 9999, 0, '2016-01-12 18:40:32', '2016-01-12 18:40:32'),
(21, '201601120018', 7, 'aa00222', 9, 55, 1, 55, 0, '2016-01-12 18:41:26', '2016-01-12 18:41:26'),
(22, '201601120019', 7, 'aa00222', 9, 55, 1, 55, 0, '2016-01-12 18:42:04', '2016-01-12 18:42:04'),
(23, '201601120020', 9, '100', 9, 9999, 1, 9999, 0, '2016-01-12 18:43:30', '2016-01-12 18:43:30'),
(24, '201601150001', 9, '100', 9, 9999, 1, 9999, 0, '2016-01-15 15:30:15', '2016-01-15 15:30:15'),
(25, '201601150002', 9, '100', 9, 9999, 1, 9999, 1, '2016-01-15 15:30:39', '2016-01-15 15:30:39'),
(26, '201601150003', 7, 'aa00222', 9, 55, 1, 55, 0, '2016-01-15 15:34:15', '2016-01-15 15:34:15'),
(27, '201601150004', 8, 'cat123', 10, 300, 1, 300, 0, '2016-01-15 15:34:37', '2016-01-15 15:34:37'),
(28, '201601150005', 8, 'cat123', 10, 300, 1, 300, 1, '2016-01-15 15:36:25', '2016-01-15 15:36:25'),
(29, '201601210001', 9, '100', 9, 9999, 1, 9999, 0, '2016-01-21 11:33:39', '2016-01-21 11:33:39'),
(30, '201601210002', 8, 'cat123', 10, 300, 1, 300, 0, '2016-01-21 11:35:52', '2016-01-21 11:35:52'),
(31, '201601210003', 1, 'aa0011', 10, 50, 1, 50, 1, '2016-01-21 11:47:14', '2016-01-21 11:47:14'),
(32, '201603280001', 8, 'cat123', 10, 300, 1, 300, 0, '2016-03-28 18:38:54', '2016-03-28 18:38:54'),
(33, '201603280001', 1, 'aa0011', 10, 50, 1, 50, 0, '2016-03-28 18:38:54', '2016-03-28 18:38:54'),
(34, '201604110001', 4, '555', 10, 999, 1, 999, 0, '2016-04-11 23:13:09', '2016-04-11 23:13:09'),
(35, '201604110002', 9, '100', 9, 9999, 1, 9999, 0, '2016-04-11 23:14:26', '2016-04-11 23:14:26'),
(36, '201604120001', 8, 'cat123', 10, 300, 1, 300, 0, '2016-04-12 13:31:18', '2016-04-12 13:31:18'),
(37, '201604120002', 2, 'aa0012', 6, 80, 1, 80, 0, '2016-04-12 16:56:49', '2016-04-12 16:56:49'),
(38, '201604120003', 9, '100', 9, 9999, 2, 19998, 0, '2016-04-12 17:34:32', '2016-04-12 17:34:32'),
(39, '201604120004', 8, 'cat123', 10, 300, 1, 300, 0, '2016-04-12 17:44:01', '2016-04-12 17:44:01'),
(40, '201604130001', 7, 'aa00222', 9, 55, 3, 165, 0, '2016-04-13 11:31:34', '2016-04-13 11:31:34'),
(41, '201604130002', 8, 'cat123', 10, 300, 1, 300, 0, '2016-04-13 12:05:10', '2016-04-13 12:05:10'),
(42, '201812140001', 25, 'DHAS1U-A9009GDXS', 3, 33900, 1, 33900, 0, '2018-12-14 12:54:35', '2018-12-14 12:54:35'),
(43, '201812140002', 25, 'DHAS1U-A9009GDXS', 3, 33900, 1, 33900, 0, '2018-12-14 12:54:47', '2018-12-14 12:54:47'),
(44, '201812140003', 25, 'DHAS1U-A9009GDXS', 3, 33900, 1, 33900, 0, '2018-12-14 12:54:53', '2018-12-14 12:54:53'),
(45, '201812140004', 25, 'DHAS1U-A9009GDXS', 3, 33900, 1, 33900, 0, '2018-12-14 12:54:59', '2018-12-14 12:54:59'),
(46, '201812140005', 25, 'DHAS1U-A9009GDXS', 3, 33900, 1, 33900, 0, '2018-12-14 12:56:23', '2018-12-14 12:56:23'),
(47, '201812140006', 25, 'DHAS1U-A9009GDXS', 3, 33900, 1, 33900, 0, '2018-12-14 12:56:46', '2018-12-14 12:56:46');

-- --------------------------------------------------------

--
-- 資料表結構 `925_ordersno`
--

CREATE TABLE `925_ordersno` (
  `ordersno_id` int(11) NOT NULL,
  `ordersno_year` int(11) NOT NULL,
  `ordersno_month` int(11) NOT NULL,
  `ordersno_day` int(11) NOT NULL,
  `ordersno_sno` int(11) NOT NULL,
  `ordersno_create_time` datetime NOT NULL
) ENGINE=InnoDB DEFAULT CHARSET=utf8 COLLATE=utf8_unicode_ci COMMENT='訂單編號查詢';

--
-- 資料表的匯出資料 `925_ordersno`
--

INSERT INTO `925_ordersno` (`ordersno_id`, `ordersno_year`, `ordersno_month`, `ordersno_day`, `ordersno_sno`, `ordersno_create_time`) VALUES
(1, 2016, 1, 12, 20, '2016-01-12 18:43:30'),
(2, 2016, 1, 15, 5, '2016-01-15 15:36:25'),
(3, 2016, 1, 21, 3, '2016-01-21 11:47:14'),
(4, 2016, 3, 28, 1, '2016-03-28 18:38:54'),
(5, 2016, 4, 11, 2, '2016-04-11 23:14:26'),
(6, 2016, 4, 12, 4, '2016-04-12 17:44:01'),
(7, 2016, 4, 13, 2, '2016-04-13 12:05:10'),
(8, 2018, 12, 14, 6, '2018-12-14 12:56:46');

-- --------------------------------------------------------

--
-- 資料表結構 `925_privacy`
--

CREATE TABLE `925_privacy` (
  `privacy_id` int(11) NOT NULL,
  `privacy_content` longtext COLLATE utf8_unicode_ci NOT NULL,
  `privacy_admin` varchar(20) COLLATE utf8_unicode_ci NOT NULL,
  `privacy_updatetime` datetime NOT NULL,
  `privacy_createtime` datetime NOT NULL
) ENGINE=MyISAM DEFAULT CHARSET=utf8 COLLATE=utf8_unicode_ci;

--
-- 資料表的匯出資料 `925_privacy`
--

INSERT INTO `925_privacy` (`privacy_id`, `privacy_content`, `privacy_admin`, `privacy_updatetime`, `privacy_createtime`) VALUES
(1, '<p>非常歡迎您光臨「9好買網站」（以下簡稱本網站），為了讓您能夠安心的使用本網站的各項服務與資訊，特此向您說明本網站的隱私權保護政策，以保障您的權益，請您詳閱下列內容：</p>\n			<h3>一、隱私權保護政策的適用範圍</h3>\n			<p>隱私權保護政策內容，包括本網站如何處理在您使用網站服務時收集到的個人識別資料。隱私權保護政策不適用於本網站以外的相關連結網站，也不適用於非本網站所委託或參與管理的人員。</p>\n			<h3>二、個人資料的蒐集、處理及利用方式</h3>\n			<ul>\n				<li>當您洽辦本網站業務或參與本網站活動時，我們將視業務或活動性質請您提供必要的個人資料，並在該特定目的範圍內處理及利用您的個人資料；非經您書面同意，本網站不會將個人資料用於其他用途。</li>\n				<li>本網站在您使用服務信箱、問卷調查等互動性功能時，會保留您所提供的姓名、電子郵件地址、聯絡方式及使用時間等。</li>\n				<li>於一般瀏覽時，伺服器會自行記錄相關行徑，包括您使用連線設備的IP位址、使用時間、使用的瀏覽器、瀏覽及點選資料記錄等，做為我們增進網站服務的參考依據，此記錄為內部應用，決不對外公佈。</li>\n				<li>為提供精確的服務，我們會將收集的問卷調查內容進行統計與分析，分析結果之統計數據或說明文字呈現，除供內部研究外，我們會視需要公佈統計數據及說明文字，但不涉及特定個人之資料。</li>\n			</ul>\n			<h3>三、資料之保護</h3>\n			<ul>\n				<li>本網站主機均設有防火牆、防毒系統等相關的各項資訊安全設備及必要的安全防護措施，加以保護網站及您的個人資料採用嚴格的保護措施，只由經過授權的人員才能接觸您的個人資料，相關處理人員皆簽有保密合約，如有違反保密義務者，將會受到相關的法律處分。</li>\n				<li>如因業務需要有必要委託其他單位提供服務時，本網站亦會嚴格要求其遵守保密義務，並且採取必要檢查程序以確定其將確實遵守。</li>\n			</ul>\n			<h3>四、網站對外的相關連結</h3>\n			<p>本網站的網頁提供其他網站的網路連結，您也可經由本網站所提供的連結，點選進入其他網站。但該連結網站不適用本網站的隱私權保護政策，您必須參考該連結網站中的隱私權保護政策。</p>\n			<h3>五、與第三人共用個人資料之政策</h3>\n			<p>本網站絕不會提供、交換、出租或出售任何您的個人資料給其他個人、團體、私人企業或公務機關，但有法律依據或合約義務者，不在此限。</p>\n			<p>前項但書之情形包括不限於：</p>\n			<ul>\n				<li>經由您書面同意。</li>\n				<li>法律明文規定。</li>\n				<li>為免除您生命、身體、自由或財產上之危險。</li>\n				<li>與公務機關或學術研究機構合作，基於公共利益為統計或學術研究而有必要，且資料經過提供者處理或蒐集著依其揭露方式無從識別特定之當事人。</li>\n				<li>當您在網站的行為，違反服務條款或可能損害或妨礙網站與其他使用者權益或導致任何人遭受損害時，經網站管理單位研析揭露您的個人資料是為了辨識、聯絡或採取法律行動所必要者。</li>\n				<li>有利於您的權益。</li>\n				<li>本網站委託廠商協助蒐集、處理或利用您的個人資料時，將對委外廠商或個人善盡監督管理之責。</li>\n			</ul>\n			<h3>六、Cookie之使用</h3>\n			<p>為了提供您最佳的服務，本網站會在您的電腦中放置並取用我們的Cookie，若您不願接受Cookie的寫入，您可在您使用的瀏覽器功能項中設定隱私權等級為高，即可拒絕Cookie的寫入，但可能會導至網站某些功能無法正常執行 。</p>\n			<h3>七、隱私權保護政策之修正</h3>\n			<p>本網站隱私權保護政策將因應需求隨時進行修正，修正後的條款將刊登於網站上。</p>', 'admin', '2016-04-11 11:40:59', '2016-04-11 00:00:00');

-- --------------------------------------------------------

--
-- 資料表結構 `925_product`
--

CREATE TABLE `925_product` (
  `product_id` int(11) NOT NULL,
  `product_ind` int(11) NOT NULL,
  `product_ptype2_id` int(11) NOT NULL,
  `product_shop_id` int(11) NOT NULL,
  `product_sno` varchar(20) COLLATE utf8_unicode_ci NOT NULL,
  `product_name` varchar(30) COLLATE utf8_unicode_ci NOT NULL,
  `product_price` int(11) NOT NULL,
  `product_bonus` int(11) NOT NULL,
  `product_spic` varchar(35) COLLATE utf8_unicode_ci NOT NULL,
  `product_bpic` varchar(35) COLLATE utf8_unicode_ci NOT NULL,
  `product_pic` varchar(35) COLLATE utf8_unicode_ci NOT NULL,
  `product_specification` text COLLATE utf8_unicode_ci NOT NULL,
  `product_information` longtext COLLATE utf8_unicode_ci NOT NULL,
  `product_notice` longtext COLLATE utf8_unicode_ci NOT NULL,
  `product_is_hot` int(11) NOT NULL,
  `product_is_like` int(11) NOT NULL,
  `product_is_index_top` int(11) NOT NULL,
  `product_is_index` int(11) NOT NULL,
  `product_is_top` int(11) NOT NULL,
  `product_is_show` int(11) NOT NULL,
  `product_manager` varchar(15) COLLATE utf8_unicode_ci NOT NULL,
  `product_create_time` datetime NOT NULL,
  `product_update_time` datetime NOT NULL
) ENGINE=MyISAM DEFAULT CHARSET=utf8 COLLATE=utf8_unicode_ci COMMENT='商品';

--
-- 資料表的匯出資料 `925_product`
--

INSERT INTO `925_product` (`product_id`, `product_ind`, `product_ptype2_id`, `product_shop_id`, `product_sno`, `product_name`, `product_price`, `product_bonus`, `product_spic`, `product_bpic`, `product_pic`, `product_specification`, `product_information`, `product_notice`, `product_is_hot`, `product_is_like`, `product_is_index_top`, `product_is_index`, `product_is_top`, `product_is_show`, `product_manager`, `product_create_time`, `product_update_time`) VALUES
(23, 1, 12, 3, 'DYAJDQ-A9009FBS2', 'Apple iPhone Xs Max (64G)-銀色', 39600, 0, '', '', '1544755475.jpg', '<p>本商品規格</p>\r\n\r\n<p>*原廠提供一年保固，詳細規格及保固方式以官網標示為主!</p>', '<h5><span style="color:#FF0000"><strong>銀色★送配件3件組</strong></span><br />\r\nApple iPhone Xs Max (64G)-銀色</h5>\r\n\r\n<p><span style="color:#0000FF"><strong>★搭配無線充電板+保殼貼</strong>&nbsp;</span><br />\r\n&bull; 6.5 吋超 Retina 顯示器 (OLED)，具備 HDR&nbsp;<br />\r\n&bull; IP68 等級防塵與防潑抗水功能 (在最深2公尺水中最長可達30分鐘)&nbsp;<br />\r\n&bull; 1200 萬像素雙鏡頭相機(配備光學影像穩定雙鏡頭)，以及700萬像素原深感測前置相機，均具備人像模式、人像光線、景深控制與智慧型HDR功能&nbsp;<br />\r\n&bull; Face ID，用於安全認證與 Apple Pay&nbsp;<br />\r\n&bull; A12 仿生，具備新一代神經網路引擎&nbsp;<br />\r\n&bull; 無線充電 (可搭配 Qi 充電器)&nbsp;<br />\r\n&bull; iOS 12，具備 Memoji、螢幕使用時間、Siri 捷徑與群組 FaceTime 功能&nbsp;</p>', '<p>寄送時間：</p>\r\n\r\n<p>台北巿6h到貨試營運<br />\r\n全台灣24h到貨，遲到提供100元現金積點。全年無休，週末假日照常出貨。<a href="https://ecvip.pchome.com.tw/web/pages/24hHelp.htm" target="_blank">例外說明</a></p>\r\n\r\n<p>送貨方式：</p>\r\n\r\n<p>透過宅配送達。除網頁另有特別標示外，均為常溫配送。<br />\r\n消費者訂購之商品若經配送兩次無法送達，再經本公司以電話與Email均無法聯繫逾三天者，本公司將取消該筆訂單，並且全額退款。</p>\r\n\r\n<p>送貨範圍：</p>\r\n\r\n<p>限台灣本島與離島地區註，部分離島地區包括連江馬祖、綠島、蘭嶼、琉球鄉&hellip;等貨件，將送至到岸船公司碼頭，需請收貨人自行至碼頭取貨。注意！收件地址請勿為郵政信箱。<br />\r\n註：離島地區不配送安裝商品、手機門號商品、超大材商品及四機商品。</p>\r\n\r\n<p>產品責任險：</p>\r\n\r\n<p>本產品已投保新光產物產品責任保險$220,000,000元。(保險證號：130007AKP0000830)</p>\r\n\r\n<p>執照證號＆登錄字號：</p>\r\n\r\n<p>本公司食品業者登錄字號A-116606102-00000-0</p>', 1, 0, 0, 0, 0, 1, 'admin', '2018-12-14 10:44:39', '2018-12-17 11:41:54'),
(24, 6, 14, 3, 'DYAJCR-A90097XKB', 'MacBook Pro15 銀色 i7 / 16GB / 5', 80011, 0, '', '', '1544756308.jpg', '<p><strong>&bull; 6 核心 Intel Core i7 處理器&nbsp;<br />\r\n&bull; 具備原彩顯示技術的亮麗 Retina 顯示器&nbsp;<br />\r\n&bull; 觸控列和 Touch ID&nbsp;<br />\r\n&bull; Radeon Pro 560X 繪圖處理器配備 4GB 視訊記憶體&nbsp;<br />\r\n&bull; Intel UHD Graphics 630&nbsp;<br />\r\n&bull; 超快速 SSD&nbsp;<br />\r\n&bull; 四個 Thunderbolt 3 (USB-C) 埠&nbsp;<br />\r\n&bull; 長達 10 小時電池續航力&nbsp;<br />\r\n&bull; 802.11ac Wi-Fi&nbsp;<br />\r\n&bull; 力度觸控板</strong></p>', '<p><strong>▼限時89折優惠▼</strong><br />\r\n<strong>12/10 (一) 11:00 起&nbsp;<br />\r\n數量有限，售完為止&nbsp;<br />\r\n網路價$89900．<strong>限時價↘$８００１１</strong></strong>&nbsp;<br />\r\n<br />\r\n<strong>★2018新款觸控</strong></p>\r\n\r\n<p>&bull; 新款 MacBook Pro 具備 6 核心 Intel Core 處理器，運算速度提升高達 70%。&nbsp;<br />\r\n&bull; 絢麗多彩的 Retina 顯示器採用「原彩」顯示技術，帶來更真實自然的觀看體驗。&nbsp;<br />\r\n&bull; 功能多元的觸控列，提供你更多高效的工作方式</p>', '<p><strong><strong>★由於本商品為特殊3C產品，商品經連上網路(含wifi)登入Apple ID&nbsp;<br />\r\n或連結上iTunes後， 此商品即被註冊並開始計算商品保固時間，&nbsp;<br />\r\n且經註冊後此商品的保固日期即開始計算，無法還原！&nbsp;<br />\r\n日後需辦理退貨時，經本公司確認，若此商品&nbsp;<br />\r\n已被開啟保固時間，可能需要另外酌收額外的費用。&nbsp;<br />\r\n<br />\r\n<strong>★在您還不確定是否要辦理退貨以前，請勿將此商品連上網路&nbsp;<br />\r\n避免在不經意的情況下開始保固時間。&nbsp;<br />\r\n<br />\r\n★若主張七日鑑賞期，請您恢復商品原狀。&nbsp;<br />\r\n(※含包裝、配件等；產品一經註冊可能需要另外酌收額外的費用)&nbsp;<br />\r\n<br />\r\n★您確認已閱讀前述說明並同意於此頁面下單視同同意本條款，&nbsp;<br />\r\n不便之處敬請見諒謝謝。</strong></strong></strong></p>', 0, 0, 0, 0, 0, 1, 'admin', '2018-12-14 11:00:33', '2018-12-17 11:41:42'),
(25, 11, 15, 3, 'DHAS1U-A9009GDXS', 'ASUS TUF Gaming FX505GD-006', 33900, 0, '', '', '1544757865.jpg', '<ul>\r\n	<li><strong>處理器：Intel&reg; Core&trade; i7-8750H (up to 3.9 GHz)&nbsp;</strong></li>\r\n	<li><strong>記憶體： DRAM DDR4 2666 8G&nbsp;</strong></li>\r\n	<li><strong>硬碟：1TB+128G SSD&nbsp;</strong></li>\r\n	<li><strong>獨立顯卡：Nvidia GeForce GTX1050 4G獨顯&nbsp;</strong></li>\r\n	<li><strong>螢幕：15.6&quot; FHD IPS 1920x1080 薄邊框螢幕&nbsp;</strong></li>\r\n	<li><strong>無線網路：802.11ac、Bluetooth 5.0&nbsp;</strong></li>\r\n	<li><strong>光碟機： 無&nbsp;</strong></li>\r\n	<li><strong>介面：HDMI、USB 3.1&nbsp;</strong></li>\r\n	<li><strong>重量：2.2 KG(含電池)&nbsp;</strong></li>\r\n	<li><strong>作業系統：Windows 10 (64bit)&nbsp;</strong></li>\r\n	<li><strong>保固：2年全球保固 + 首年免預付完美保固</strong></li>\r\n</ul>', '<p>▃▅★ASUS TUF Gaming。強勢來襲★▅▃&nbsp;<br />\r\n<br />\r\n<strong>★超爽視覺享受 GTX1050獨顯4G效能&nbsp;<br />\r\n★超屌效能 搭載全新i7-8750H 六核心處理器&nbsp;<br />\r\n★超狂容量 1TB+128G 雙硬碟&nbsp;<br />\r\n★四區全採背光鍵盤/防塵散熱通道&nbsp;<br />\r\n★四天線設計, 連網速度又快又穩&nbsp;</strong></p>', '<p>此商場文案僅做參考 請以官網所公布的規格為準<br />\r\n圖文配件僅供參考 請以實際出貨為準<br />\r\n<br />\r\n此機種無FireCuda SSHD 請購買前留意<br />\r\n<br />\r\n<strong>溫馨提醒：如有加送贈品記憶體，需額外自行安裝，如送至原廠等需額外收費，請消費者自行評斷，謝謝</strong></p>', 0, 0, 1, 0, 1, 1, 'admin', '2018-12-14 11:26:07', '2018-12-17 11:42:04'),
(27, 16, 17, 3, 'DDCF0G-A9007KQL0', 'L&#039;OCCITANE 枸櫞海洋淡香水75ml', 2280, 0, '', '', '1544764044.jpg', '<h5><strong>★獨家販售★</strong><br />\r\n【L&rsquo;OCCITANE 歐舒丹】枸櫞海洋淡香水75ml</h5>', '<p><strong>★歐舒丹原廠直營販售</strong>&nbsp;<br />\r\n★極致陽剛魅力 大膽冒險的航海精神&nbsp;<br />\r\n★清新柑橘香引領奔放海洋氣息&nbsp;<br />\r\n★溫暖木質調尾韻展露男性魅力&nbsp;<br />\r\n★時尚包裝 簡約俐落扁酒壺瓶身</p>', '<p>1. 本產品屬於私人消耗性產品，一經拆封或使用、或有無法恢復原狀、商品外盒損壞等情況，恕無法辦理退換貨。&nbsp;<br />\r\n<br />\r\n2. 商品需置於陰涼處，請勿直接陽光照射，以免變質；使用後若有過敏請即刻停止使用，並請教醫生。&nbsp;<br />\r\n<br />\r\n3. 若有退貨需求，您所退回的商品內容必須保維持所有商品、贈品、附件、包裝、附隨文件或資料的完整性，否則，歐舒丹有權力拒絕您的退貨退款要求。&nbsp;<br />\r\n<br />\r\n4. 若有換貨需求，請您使用原包裝紙箱將欲辦理換貨之商品包裝妥當，若原紙箱已遺失，請使用其他完整紙箱包裝，切勿直接於原廠包裝上黏貼紙張或書寫文字，歐舒丹會先將商品取回並確認商品無誤後，才會將正確商品寄出；您要求換貨之商品若有缺件或是損毀，歐舒丹有權視損毀程度而折扣退款金額。</p>', 0, 0, 0, 0, 0, 1, 'admin', '2018-12-14 13:09:23', '2018-12-17 11:41:10');

-- --------------------------------------------------------

--
-- 資料表結構 `925_ptype1`
--

CREATE TABLE `925_ptype1` (
  `ptype1_id` int(11) NOT NULL,
  `ptype1_ind` int(11) NOT NULL,
  `ptype1_name` varchar(30) COLLATE utf8_unicode_ci NOT NULL,
  `ptype1_pic` varchar(35) COLLATE utf8_unicode_ci NOT NULL,
  `ptype1_is_show` int(11) NOT NULL,
  `ptype1_manager` varchar(15) COLLATE utf8_unicode_ci NOT NULL,
  `ptype1_create_time` datetime NOT NULL,
  `ptype1_update_time` datetime NOT NULL
) ENGINE=MyISAM DEFAULT CHARSET=utf8 COLLATE=utf8_unicode_ci COMMENT='商品分類一階';

--
-- 資料表的匯出資料 `925_ptype1`
--

INSERT INTO `925_ptype1` (`ptype1_id`, `ptype1_ind`, `ptype1_name`, `ptype1_pic`, `ptype1_is_show`, `ptype1_manager`, `ptype1_create_time`, `ptype1_update_time`) VALUES
(12, 46, '筆電', '1544756114.jpg', 1, 'admin', '2018-12-14 10:55:15', '2018-12-14 10:55:15'),
(13, 51, '美妝', '1544763932.jpg', 1, 'admin', '2018-12-14 13:05:33', '2018-12-14 13:05:33'),
(11, 41, '手機', '1544754947.jpg', 1, 'admin', '2018-12-14 10:35:50', '2018-12-14 10:35:50');

-- --------------------------------------------------------

--
-- 資料表結構 `925_ptype2`
--

CREATE TABLE `925_ptype2` (
  `ptype2_id` int(11) NOT NULL,
  `ptype2_ind` int(11) NOT NULL,
  `ptype2_ptype1_id` int(11) NOT NULL,
  `ptype2_name` varchar(30) COLLATE utf8_unicode_ci NOT NULL,
  `ptype2_is_show` int(11) NOT NULL,
  `ptype2_manager` varchar(15) COLLATE utf8_unicode_ci NOT NULL,
  `ptype2_create_time` datetime NOT NULL,
  `ptype2_update_time` datetime NOT NULL
) ENGINE=MyISAM DEFAULT CHARSET=utf8 COLLATE=utf8_unicode_ci COMMENT='商品分類二階';

--
-- 資料表的匯出資料 `925_ptype2`
--

INSERT INTO `925_ptype2` (`ptype2_id`, `ptype2_ind`, `ptype2_ptype1_id`, `ptype2_name`, `ptype2_is_show`, `ptype2_manager`, `ptype2_create_time`, `ptype2_update_time`) VALUES
(17, 31, 13, 'L&#039;OCCITANE 歐舒丹', 1, 'admin', '2018-12-14 13:06:23', '2018-12-14 13:06:23'),
(16, 26, 12, 'lenovo', 1, 'admin', '2018-12-14 10:55:54', '2018-12-14 10:55:54'),
(15, 21, 12, 'ASUS', 1, 'admin', '2018-12-14 10:55:41', '2018-12-14 10:55:41'),
(14, 16, 12, 'APPLE', 1, 'admin', '2018-12-14 10:55:30', '2018-12-14 10:55:30'),
(13, 11, 11, 'hTC', 1, 'admin', '2018-12-14 10:36:55', '2018-12-14 10:36:55'),
(12, 6, 11, 'APPLE', 1, 'admin', '2018-12-14 10:36:34', '2018-12-14 10:36:34'),
(11, 1, 11, 'SONY', 1, 'admin', '2018-12-14 10:36:27', '2018-12-14 10:36:27');

-- --------------------------------------------------------

--
-- 資料表結構 `925_qa`
--

CREATE TABLE `925_qa` (
  `qa_id` int(11) NOT NULL,
  `qa_content` longtext COLLATE utf8_unicode_ci NOT NULL,
  `qa_admin` varchar(20) COLLATE utf8_unicode_ci NOT NULL,
  `qa_updatetime` datetime NOT NULL,
  `qa_createtime` datetime NOT NULL
) ENGINE=MyISAM DEFAULT CHARSET=utf8 COLLATE=utf8_unicode_ci;

--
-- 資料表的匯出資料 `925_qa`
--

INSERT INTO `925_qa` (`qa_id`, `qa_content`, `qa_admin`, `qa_updatetime`, `qa_createtime`) VALUES
(1, '<div class="panel panel-default">\n				<div class="panel-heading">如何找到我想要的商品</div>\n				<div class="panel-body">\n				你可以從上方選單中的，點選『所有商品的分類』，並在左方列表中點進去你所需要的第二層分類，從中瀏覽符合那個分類的所有商品，直接去瀏覽商品。或者你也可以透過搜尋關鍵字的方式，在網頁上方的搜尋列中，找到你需要的商品。				</div>\n			</div>\n			\n			<div class="panel panel-default">\n				<div class="panel-heading">\n					<h3 class="panel-title">成為會員有什麼好處</h3>\n				</div>\n				<div class="panel-body">\n				成為會員可以使用會員才可獨享在「9好買」累積紅利折現金的好康。\n				</div>\n			</div>\n			\n			<div class="panel panel-default">\n				<div class="panel-heading">\n					<h3 class="panel-title">成為會員後，我的私人資料是否會被存檔</h3>\n				</div>\n				<div class="panel-body">\n				註冊會員時 「9好買」 並不會要求你留下姓名，地址，電話等私人資料，只有在你首次購物結帳時才會需要填寫，此資料將會作為你往後購買時的預設資料，省去你重複填寫的時間。若你選擇用信用卡付款，交易是透過第三方符合國際安全認證的線上金流系統，「9好買」 不會取得或是保存你的信用卡資料。				</div>\n			</div>\n			\n			<div class="panel panel-default">\n				<div class="panel-heading">\n					<h3 class="panel-title">加入會員需要會費嗎？</h3>\n				</div>\n				<div class="panel-body">\n				不需要，加入「9好買」會員完全免費。\n				</div>\n			</div>\n			\n			<div class="panel panel-default">\n				<div class="panel-heading">\n					<h3 class="panel-title">加入會員需要會費嗎？</h3>\n				</div>\n				<div class="panel-body">\n				不需要，加入「9好買」會員完全免費。\n				</div>\n			</div>', 'admin', '2016-04-11 11:36:12', '2016-04-11 00:00:00');

-- --------------------------------------------------------

--
-- 資料表結構 `925_store`
--

CREATE TABLE `925_store` (
  `store_id` int(11) NOT NULL,
  `store_ind` int(11) NOT NULL,
  `store_token_id` varchar(100) COLLATE utf8_unicode_ci NOT NULL,
  `store_account` varchar(15) COLLATE utf8_unicode_ci NOT NULL,
  `store_password` varchar(40) COLLATE utf8_unicode_ci NOT NULL,
  `store_name` varchar(30) COLLATE utf8_unicode_ci NOT NULL,
  `store_mobile` varchar(20) COLLATE utf8_unicode_ci NOT NULL,
  `store_phone` varchar(20) COLLATE utf8_unicode_ci NOT NULL,
  `store_email` varchar(255) COLLATE utf8_unicode_ci NOT NULL,
  `store_spic` varchar(35) COLLATE utf8_unicode_ci NOT NULL,
  `store_bpic` varchar(35) COLLATE utf8_unicode_ci NOT NULL,
  `store_is_show` int(11) NOT NULL,
  `store_is_admin` int(11) NOT NULL,
  `store_auth` int(11) NOT NULL,
  `store_login_time` datetime NOT NULL,
  `store_ip` varchar(15) COLLATE utf8_unicode_ci NOT NULL,
  `store_manager` varchar(15) COLLATE utf8_unicode_ci NOT NULL,
  `store_create_time` datetime NOT NULL,
  `store_update_time` datetime NOT NULL,
  `store_level` int(11) NOT NULL
) ENGINE=MyISAM DEFAULT CHARSET=utf8 COLLATE=utf8_unicode_ci COMMENT='管理者/店家';

--
-- 資料表的匯出資料 `925_store`
--

INSERT INTO `925_store` (`store_id`, `store_ind`, `store_token_id`, `store_account`, `store_password`, `store_name`, `store_mobile`, `store_phone`, `store_email`, `store_spic`, `store_bpic`, `store_is_show`, `store_is_admin`, `store_auth`, `store_login_time`, `store_ip`, `store_manager`, `store_create_time`, `store_update_time`, `store_level`) VALUES
(1, 1, '148675cf1e31f5c48b52f6bd5df5d31d1544772058gke98pi8h61jftjls9ripci', 'bill', 'f7c3bc1d808e04732adf679965ccc34ca7ae3441', 'bill66', '0999999999', '66666666', 'bill@coder.com.tw', '1544682755.png', '1544682760.png', 1, 1, 0, '2018-12-14 15:20:58', '192.168.1.1', 'bill', '2018-12-13 14:22:01', '2018-12-13 18:00:49', 2),
(2, 6, '9fd1a3c7cbdc393c459f7cb00bfd83d4', 'bill2', 'f7c3bc1d808e04732adf679965ccc34ca7ae3441', 'bill2', '', '', 'bill2@coder.com.tw', '1544684162.png', '1544684165.png', 1, 1, 0, '0000-00-00 00:00:00', '', 'admin', '2018-12-13 14:56:07', '2018-12-13 14:56:07', 2),
(3, 11, '2fe89a956f63b02ba1b889e3250d816715447541654299dfh9dhjbis4h83hpn0r', 'Greg', '7c222fb2927d828af22f592134e8932480637c0d', '超級買', '', '', 'super@super.com', '1544754045.jpg', '1544754092.jpg', 1, 1, 0, '2018-12-14 10:22:45', '192.168.1.1', 'admin', '2018-12-14 10:21:34', '2018-12-14 12:50:31', 2);

-- --------------------------------------------------------

--
-- 資料表結構 `925_store_log`
--

CREATE TABLE `925_store_log` (
  `slog_id` int(11) NOT NULL,
  `slog_name` varchar(30) COLLATE utf8_unicode_ci NOT NULL,
  `slog_type` int(11) NOT NULL,
  `slog_comment` varchar(150) COLLATE utf8_unicode_ci NOT NULL,
  `slog_action` int(11) NOT NULL,
  `slog_ip` varchar(15) COLLATE utf8_unicode_ci NOT NULL,
  `slog_create_time` datetime NOT NULL
) ENGINE=MyISAM DEFAULT CHARSET=utf8 COLLATE=utf8_unicode_ci COMMENT='LOG記錄';

--
-- 資料表的匯出資料 `925_store_log`
--

INSERT INTO `925_store_log` (`slog_id`, `slog_name`, `slog_type`, `slog_comment`, `slog_action`, `slog_ip`, `slog_create_time`) VALUES
(1, 'bill', 1, '成功', 0, '::1', '2018-12-13 16:41:49'),
(2, 'bill', 1, '成功', 0, '::1', '2018-12-13 16:51:36'),
(3, 'bill', 1, '成功', 0, '::1', '2018-12-13 16:55:03'),
(4, 'bill', 1, '成功', 0, '::1', '2018-12-13 16:58:11'),
(5, 'bill', 1, '成功', 0, '::1', '2018-12-13 17:00:03'),
(6, 'bill', 1, '成功', 0, '::1', '2018-12-13 17:01:48'),
(7, 'bill', 1, '成功', 0, '::1', '2018-12-13 17:03:12'),
(8, 'bill', 1, '列表', 2, '::1', '2018-12-13 17:08:13'),
(9, 'bill', 1, '操作記錄', 2, '::1', '2018-12-13 17:49:53'),
(10, 'bill', 1, '列表', 2, '::1', '2018-12-13 17:50:05'),
(11, 'bill', 1, '操作記錄', 2, '::1', '2018-12-13 17:54:00'),
(12, 'bill', 1, '列表', 2, '::1', '2018-12-13 17:54:05'),
(13, 'bill', 1, '操作記錄', 2, '::1', '2018-12-13 17:54:08'),
(14, 'bill', 1, '列表', 2, '::1', '2018-12-13 17:54:11'),
(15, 'bill', 1, 'bill', 4, '::1', '2018-12-13 17:54:27'),
(16, 'bill', 1, '成功', 0, '::1', '2018-12-13 17:58:13'),
(17, 'bill', 1, '成功', 0, '::1', '2018-12-13 17:59:15'),
(18, 'bill', 1, '列表', 2, '::1', '2018-12-13 17:59:21'),
(19, 'bill', 1, '操作記錄', 2, '::1', '2018-12-13 17:59:29'),
(20, 'bill', 1, '列表', 2, '::1', '2018-12-13 17:59:34'),
(21, 'bill', 1, 'bill', 4, '::1', '2018-12-13 17:59:56'),
(22, 'bill', 1, '成功', 0, '::1', '2018-12-13 18:00:33'),
(23, 'bill', 1, '列表', 2, '::1', '2018-12-13 18:00:38'),
(24, 'bill', 1, 'bill', 4, '::1', '2018-12-13 18:00:49'),
(25, 'bill', 1, '成功', 0, '::1', '2018-12-13 18:03:40'),
(26, 'bill', 1, '成功', 0, '::1', '2018-12-13 18:15:11'),
(27, 'bill', 4, '', 2, '::1', '2018-12-13 18:20:43'),
(28, 'bill66', 5, '', 2, '::1', '2018-12-13 18:26:39'),
(29, 'bill', 4, '', 2, '::1', '2018-12-13 18:27:17'),
(30, 'bill66', 5, '', 2, '::1', '2018-12-13 18:27:20'),
(31, 'bill', 1, '列表', 2, '::1', '2018-12-13 18:27:23'),
(32, 'bill66', 5, '', 2, '::1', '2018-12-13 18:27:27'),
(33, 'bill', 1, '成功', 0, '::1', '2018-12-13 18:34:09'),
(34, 'bill', 1, '列表', 2, '::1', '2018-12-13 18:34:16'),
(35, 'bill', 4, '', 2, '::1', '2018-12-13 18:34:17'),
(36, 'bill66', 5, '', 2, '::1', '2018-12-13 18:34:19'),
(37, 'bill', 4, '', 2, '::1', '2018-12-13 18:40:12'),
(38, 'bill', 1, '列表', 2, '::1', '2018-12-13 18:40:15'),
(39, 'bill', 1, '操作記錄', 2, '::1', '2018-12-13 18:40:17'),
(40, 'bill', 1, '列表', 2, '::1', '2018-12-13 18:40:18'),
(41, 'bill', 1, '成功', 0, '192.168.1.1', '2018-12-13 19:08:18'),
(42, 'bill', 1, '成功', 0, '192.168.1.1', '2018-12-13 19:11:36'),
(43, 'bill66', 5, '', 2, '192.168.1.1', '2018-12-13 19:11:44'),
(44, 'bill', 4, '', 2, '192.168.1.1', '2018-12-13 19:11:46'),
(45, 'admin', 1, '登入失敗-帳密不正確', 0, '192.168.1.1', '2018-12-14 10:16:33'),
(46, 'admin', 1, '登入失敗-帳密不正確', 0, '192.168.1.1', '2018-12-14 10:16:49'),
(47, 'bill', 1, '成功', 0, '192.168.1.1', '2018-12-14 10:16:57'),
(48, 'greg', 1, '成功', 0, '192.168.1.1', '2018-12-14 10:22:45'),
(49, '超級買', 5, '', 2, '192.168.1.1', '2018-12-14 10:22:53'),
(50, 'Greg', 4, '', 2, '192.168.1.1', '2018-12-14 10:22:57'),
(51, '超級買', 5, '', 2, '192.168.1.1', '2018-12-14 11:40:35'),
(52, 'Greg', 4, '', 2, '192.168.1.1', '2018-12-14 11:40:38'),
(53, 'Greg', 4, '商品 - 商品,ID_25', 4, '192.168.1.1', '2018-12-14 11:41:02'),
(54, 'Greg', 4, '', 2, '192.168.1.1', '2018-12-14 11:41:07'),
(55, 'Greg', 4, '商品 - 商品,ID_25', 4, '192.168.1.1', '2018-12-14 11:41:29'),
(56, 'Greg', 4, '', 2, '192.168.1.1', '2018-12-14 11:42:00'),
(57, 'Greg', 4, '商品 - 商品,ID_26', 3, '192.168.1.1', '2018-12-14 11:44:03'),
(58, 'Greg', 4, '1筆資料(''26'')', 5, '192.168.1.1', '2018-12-14 11:44:28'),
(59, 'Greg', 4, '', 2, '192.168.1.1', '2018-12-14 11:44:30'),
(60, '超級買', 5, '', 2, '192.168.1.1', '2018-12-14 12:53:13'),
(61, 'Greg', 4, '', 2, '192.168.1.1', '2018-12-14 12:53:15'),
(62, '超級買', 5, '', 2, '192.168.1.1', '2018-12-14 12:57:10'),
(63, 'Greg', 4, '', 2, '192.168.1.1', '2018-12-14 13:03:24'),
(64, 'Greg', 4, '商品 - 商品,ID_27', 3, '192.168.1.1', '2018-12-14 13:09:23'),
(65, '超級買', 5, '', 2, '192.168.1.1', '2018-12-14 13:10:35'),
(66, 'Greg', 4, '', 2, '192.168.1.1', '2018-12-14 13:10:38'),
(67, 'bill', 1, '成功', 0, '192.168.1.1', '2018-12-14 15:20:58'),
(68, 'admin', 1, '登入失敗-帳密不正確', 0, '192.168.1.1', '2018-12-14 15:22:02');

-- --------------------------------------------------------

--
-- 資料表結構 `925_terms`
--

CREATE TABLE `925_terms` (
  `terms_id` int(11) NOT NULL,
  `terms_content` longtext COLLATE utf8_unicode_ci NOT NULL,
  `terms_admin` varchar(20) COLLATE utf8_unicode_ci NOT NULL,
  `terms_updatetime` datetime NOT NULL,
  `terms_createtime` datetime NOT NULL
) ENGINE=MyISAM DEFAULT CHARSET=utf8 COLLATE=utf8_unicode_ci;

--
-- 資料表的匯出資料 `925_terms`
--

INSERT INTO `925_terms` (`terms_id`, `terms_content`, `terms_admin`, `terms_updatetime`, `terms_createtime`) VALUES
(1, '<p>非常歡迎您光臨「9好買網站」（以下簡稱本網站），為了讓您能夠安心的使用本網站的各項服務與資訊，特此向您說明本網站的會員服務條款，以保障您的權益，請您詳閱下列內容：</p>\n\n<h3>一、會員服務及權利義務</h3>\n<ul>\n	<li></li>\n	<li>本網站主要提供您以下服務：\n		<ul>\n			<li>商品銷售及配送服務</li>\n			<li>活動資訊提供</li>\n			<li>會員相關權益通知</li>\n			<li>本網站得依實際情形，增加、修改或是終止相關服務。</li>\n		</ul>\n	</li>\n	<li>加入為9好買網路會員，您還可享有：\n		<ul>\n			<li>紅利點數積點 </li>\n			<li>紅利點數折抵優惠</li>\n			<li>不定期獲得9好買最新資訊、商品快報及好康活動。</li>\n		</ul>\n	</li>\n	<li>若您開始使用本網站所提供之客戶服務時，即視為已知悉並完全同意本使用條款的所有約定並完全接受本服務的項目，您應自行\n		   注意條款變動，本條款之內容如有異動將於本網站公告。如果您不同意修改的內容，應停止繼續使用本網站之服務。如果您繼續使用本網站服務，則視為您已同意並接受本條款等增訂或修改內容之拘束。</li>\n	<li>若您未滿二十歲，應於您的法定代理人閱讀、瞭解並同意本約定書之所有內容及其後修改變更後，方得使用或繼續使用。當您使用或繼續使用本網站，即表示您的法定代理人已閱讀、瞭解並同意接受本約定書之所有內容及其後修改變更。</li>\n	<li>本公司保有更改各項服務內容或終止任一違反法律規定或雙方約定之客戶帳戶服務之權利。此外本公司亦有權於任何時間基於需\n		   要修改或變更本條款內容，並將修改內容於本網站公告。</li>\n</ul>\n<h3>二、客戶帳號、密碼與安全</h3>\n<ul>\n	<li>您註冊網路會員時必須填寫確實資料，若發現有不實之登錄，或原所登錄資料已不符合真實而未更新，9好買保留隨時暫停或終\n		   止您網路會員資格及使用各項服務資格之權利。若您冒用他人名義，並造成其他會員或本站之損失，9好買將保留追訴權，並提\n		   供相關資料給警調單位調查。</li>\n	<li>為維護您的權益，請妥善保管您的網路會員帳號（以下簡稱帳號）及密碼，且每次連線完畢，均結束您的帳號使用, 同時，您應\n		    嚴防個人資料、付款資料（包含信用卡資料）及密碼外洩。您的帳號、密碼如有遺失或被竊之慮或有其他任何安全問題發生時，\n		    應即時通知9好買網路商店並作修改，以免損害您本身權益，以同一個帳號和密碼進入後所進行的所有行為，都將被認為是該會\n		    員本人的行為，若因您自行洩露帳號及密碼所造成之損害及法律責任，9好買網路商店不負連帶責任，利用該帳號及密碼所進行\n		    的一切行動，您將負完全的責任。</li>\n</ul>\n<h3>三、智慧財產權</h3>\n<ul>\n	<li>本網站所使用之軟體或程式及網站上所有內容除事先經9好買或其權利人之合法授權，任何人不得擅自使用、修改、重製、公開播\n		送等。如有違反，您應對本公司負損害賠償責任。</li>\n</ul>\n<h3>四、網路會員隱私權保障</h3>\n<ul>\n	<li>1. 您同意9好買蒐集、處理及利用個人資料於9好買業務之特定目的如下：行銷業務、客戶管理與服務、網路購物業務。</li>\n	<li>2.本公司對於網路會員所登錄或留存之個人資料，除9好買蒐集、處理及利用個人資料之特定目的外，除下列情形，絕不揭露網路<br>\n		   會員之姓名、地址、信用卡卡號、電子郵件地址及其他依法受保護之個人資料。\n			<ul>\n				<li>依法令規定、或依司法機關或其他有權機關的命令。</li>\n				<li>為執行本約定條款、或使用者違反約定條款。</li>\n				<li>為維護9好買網路商店系統之正常運作及安全。</li>\n				<li>經當事人書面同意。</li>\n			</ul>\n	</li>\n	<li>3.您同意接受9好買之「隱私權保障」，9好買將盡力以合理之技術及程序，保障所有個人資料之安全。</li>\n</ul>\n<h3>五、暫停服務</h3>\n<ul>\n	<li>本公司以目前一般認為合理之方式及技術，維護本服務之正常運作。但在下列情況之下，本公司將暫停或中斷本服務之全部或一<br>\n		   部分，因之對使用者所致任何直接或間接之影響，不負任何賠償或補償責任：\n			<ul>\n				<li>對本服務相關軟體設備進行搬遷、更換、升級、保養或維修。</li>\n				<li>使用者有任何違反政府法令或本使用條款情形。</li>\n				<li>天災或其他不可抗力之因素所導致之服務中斷或停止。</li>\n				<li>其他不可歸責於本公司之事由所致之服務中斷或停止。</li>\n				<li>非本公司所能控制之事由而致本服務資訊顯示不正確、或遭偽造、竄改、刪除或擷取、或致系統中斷或不能正常運作時。</li>\n			</ul>\n	</li>\n	<li>本公司針對可預知之軟硬體維護工作，有可能導致系統中斷或是暫停者，將會於該狀況發生之前，以適當方式告知網路會員。</li>\n</ul>\n<h3>六、本條款之效力</h3>\n<ul>\n	<li>本條款所定一部分無效時，不影響其他部份之效力。</li>\n</ul>', 'admin', '2016-04-11 11:39:07', '2016-04-11 00:00:00');

-- --------------------------------------------------------

--
-- 資料表結構 `925_used_bonus`
--

CREATE TABLE `925_used_bonus` (
  `ubonus_id` int(11) NOT NULL,
  `ubonus_member_id` int(11) NOT NULL,
  `ubonus_money` int(11) NOT NULL,
  `ubonus_bonus` int(11) NOT NULL,
  `ubonus_comment` varchar(255) COLLATE utf8_unicode_ci NOT NULL,
  `ubonus_type` int(11) NOT NULL DEFAULT '2',
  `ubonus_create_time` datetime NOT NULL
) ENGINE=InnoDB DEFAULT CHARSET=utf8 COLLATE=utf8_unicode_ci COMMENT='使用購物金紅利';

--
-- 資料表的匯出資料 `925_used_bonus`
--

INSERT INTO `925_used_bonus` (`ubonus_id`, `ubonus_member_id`, `ubonus_money`, `ubonus_bonus`, `ubonus_comment`, `ubonus_type`, `ubonus_create_time`) VALUES
(1, 27, 6229, 6229, '轉換購物金', 2, '2016-01-21 11:01:57'),
(2, 27, 2, 2, '轉換購物金', 2, '2016-01-21 11:38:52');

-- --------------------------------------------------------

--
-- 資料表結構 `admin`
--

CREATE TABLE `admin` (
  `id` int(11) NOT NULL,
  `mid` varchar(80) CHARACTER SET utf8 NOT NULL,
  `username` varchar(20) COLLATE utf8_unicode_ci NOT NULL,
  `password` varchar(80) COLLATE utf8_unicode_ci NOT NULL,
  `name` varchar(20) CHARACTER SET utf8 NOT NULL,
  `email` varchar(50) COLLATE utf8_unicode_ci NOT NULL,
  `introduction` varchar(255) CHARACTER SET utf8 NOT NULL,
  `pic` varchar(80) COLLATE utf8_unicode_ci NOT NULL,
  `auth` int(11) NOT NULL,
  `branch_auth` varchar(255) CHARACTER SET utf8 NOT NULL,
  `isadmin` tinyint(4) NOT NULL,
  `isauthor` tinyint(4) NOT NULL,
  `ispublic` tinyint(4) NOT NULL,
  `forgetcode` varchar(100) COLLATE utf8_unicode_ci DEFAULT NULL,
  `forgetcode_time` datetime NOT NULL,
  `ip` varchar(15) COLLATE utf8_unicode_ci NOT NULL,
  `admin` varchar(20) COLLATE utf8_unicode_ci NOT NULL,
  `logintime` datetime NOT NULL,
  `createtime` datetime NOT NULL,
  `updatetime` datetime NOT NULL
) ENGINE=MyISAM DEFAULT CHARSET=utf8 COLLATE=utf8_unicode_ci;

--
-- 資料表的匯出資料 `admin`
--

INSERT INTO `admin` (`id`, `mid`, `username`, `password`, `name`, `email`, `introduction`, `pic`, `auth`, `branch_auth`, `isadmin`, `isauthor`, `ispublic`, `forgetcode`, `forgetcode_time`, `ip`, `admin`, `logintime`, `createtime`, `updatetime`) VALUES
(1, 'c924632f014eacbbdbc1c3d47b59671a148065443829318r9mo7gu6q60b10270t0evr19n4', 'cully', '7c4a8d09ca3762af61e59520943dc26494f8941b', 'cully', 'cully@coder.com.tw', 'test', 'user.png', 2, '11', 0, 0, 1, '5cbc00373607b98405a1a4478818e696', '2016-07-04 21:31:37', '::1', 'admin', '2016-12-02 12:53:58', '0000-00-00 00:00:00', '2017-08-30 18:10:42'),
(22, '9279df863e7aefa78d786869f238dcd1146855512955057afcb4b6170f68efb33418b39a4b6cd8b', 'test', '7c4a8d09ca3762af61e59520943dc26494f8941b', 'Test', 'test@coder.com.tw', 'tt', 'user.png', 126, '11', 0, 0, 1, NULL, '0000-00-00 00:00:00', '59.127.37.46', 'admin', '2016-07-15 11:58:49', '0000-00-00 00:00:00', '2016-12-02 17:26:16'),
(7, 'ab36806f2c7b0ef2003fd0a7ba642db1150606310910670g2iboq5fiuv14tqj4lfldvda35', 'admin', 'dd94709528bb1c83d08f3088d4043f4742891f4f', 'admin', 'admin@coder.com.tw', 'HIHI', 'user.png', 66, '', 1, 0, 1, NULL, '0000-00-00 00:00:00', '59.127.37.46', 'admin', '2017-09-22 14:51:49', '0000-00-00 00:00:00', '2016-11-17 23:08:11');

-- --------------------------------------------------------

--
-- 資料表結構 `admin_log`
--

CREATE TABLE `admin_log` (
  `id` int(11) NOT NULL,
  `username` varchar(20) CHARACTER SET utf8 NOT NULL,
  `type` int(11) NOT NULL,
  `descript` varchar(100) CHARACTER SET utf8 NOT NULL,
  `createtime` datetime NOT NULL,
  `ip` char(15) CHARACTER SET utf8 NOT NULL,
  `action` int(11) NOT NULL
) ENGINE=MyISAM DEFAULT CHARSET=utf8 COLLATE=utf8_unicode_ci;

--
-- 資料表的匯出資料 `admin_log`
--

INSERT INTO `admin_log` (`id`, `username`, `type`, `descript`, `createtime`, `ip`, `action`) VALUES
(1, 'admin', 1, '列表', '2017-08-30 18:07:43', '::1', 2),
(2, 'admin', 1, 'cully', '2017-08-30 18:10:42', '::1', 4),
(3, 'admin', 3, '', '2017-08-30 18:10:52', '::1', 2),
(4, 'admin', 3, '防曬乳1 id:6', '2017-08-30 18:10:57', '::1', 4),
(5, 'admin', 3, '', '2017-08-30 18:11:02', '::1', 2),
(6, 'admin', 3, '晶緻煥白隔離防曬乳 id:1', '2017-08-30 18:12:01', '::1', 4),
(7, 'admin', 3, '', '2017-08-30 18:12:02', '::1', 2),
(8, 'admin', 3, 'tewt id:2', '2017-08-30 18:12:33', '::1', 3),
(9, 'admin', 3, '排序', '2017-08-30 18:19:53', '::1', 7),
(10, 'admin', 3, '', '2017-08-30 18:22:28', '::1', 2),
(11, 'admin', 1, '列表', '2017-08-30 18:22:43', '::1', 2),
(12, 'admin', 1, '操作記錄', '2017-08-30 18:23:03', '::1', 2),
(13, 'admin', 1, '列表', '2017-08-30 18:23:04', '::1', 2),
(14, 'admin', 3, '', '2017-08-30 18:23:06', '::1', 2),
(15, 'admin', 1, '列表', '2017-08-30 18:29:02', '::1', 2),
(16, 'admin', 1, '操作記錄', '2017-08-30 18:29:02', '::1', 2),
(17, 'admin', 3, '', '2017-08-30 18:29:04', '::1', 2),
(18, 'admin', 3, 'tewt id:2', '2017-08-30 18:29:08', '::1', 4),
(19, 'admin', 3, '排序', '2017-08-30 18:32:14', '::1', 7),
(20, 'admin', 3, '', '2017-08-30 18:32:48', '::1', 2),
(21, 'admin', 3, '排序', '2017-08-30 18:32:54', '::1', 7),
(22, 'admin', 3, '', '2017-08-30 18:32:57', '::1', 2),
(23, 'codercom_root', 1, '登入失敗-帳密不正確', '2017-08-30 18:37:59', '59.127.37.46', 0),
(24, 'admin', 1, '成功', '2017-08-30 18:38:08', '59.127.37.46', 0),
(25, 'admin', 3, '', '2017-08-30 18:38:11', '59.127.37.46', 2),
(26, 'admin', 1, '列表', '2017-08-30 18:38:14', '59.127.37.46', 2),
(27, 'admin', 1, '操作記錄', '2017-08-30 18:38:15', '59.127.37.46', 2),
(28, 'admin', 1, '列表', '2017-08-30 18:38:16', '59.127.37.46', 2),
(29, 'admin', 1, '成功', '2017-08-30 18:41:10', '59.127.37.46', 0),
(30, 'admin', 3, '', '2017-08-30 18:42:55', '59.127.37.46', 2),
(31, 'admin', 1, '列表', '2017-08-30 18:42:58', '59.127.37.46', 2),
(32, 'admin', 1, '操作記錄', '2017-08-30 18:42:59', '59.127.37.46', 2),
(33, 'admin', 1, '列表', '2017-08-30 18:43:00', '59.127.37.46', 2),
(34, 'admin', 1, '操作記錄', '2017-08-30 18:43:00', '59.127.37.46', 2),
(35, 'admin', 1, '列表', '2017-08-30 18:43:01', '59.127.37.46', 2),
(36, 'admin', 1, '操作記錄', '2017-08-30 18:44:23', '59.127.37.46', 2),
(37, 'admin', 1, '列表', '2017-08-30 18:44:24', '59.127.37.46', 2),
(38, 'admin', 3, '', '2017-08-30 18:44:25', '59.127.37.46', 2),
(39, 'admin', 1, '成功', '2017-08-30 19:02:38', '111.82.30.15', 0),
(40, 'admin', 1, '成功', '2017-08-30 19:03:14', '111.82.30.15', 0),
(41, 'admin', 1, '成功', '2017-08-30 20:08:19', '1.170.44.20', 0),
(42, 'admin', 3, '', '2017-08-30 20:08:27', '1.170.44.20', 2),
(43, 'admin', 1, '成功', '2017-08-30 20:13:29', '61.224.78.133', 0),
(44, 'admin', 3, '', '2017-08-30 20:13:36', '61.224.78.133', 2),
(45, 'admin', 1, '列表', '2017-08-30 20:13:46', '61.224.78.133', 2),
(46, 'admin', 3, '', '2017-08-30 20:13:53', '61.224.78.133', 2),
(47, 'admin', 3, '002 id:3', '2017-08-30 20:15:48', '61.224.78.133', 3),
(48, 'admin', 3, '', '2017-08-30 20:16:07', '61.224.78.133', 2),
(49, 'admin', 3, '1筆資料(''3'')', '2017-08-30 20:17:34', '61.224.78.133', 5),
(50, 'admin', 3, '', '2017-08-30 20:17:40', '61.224.78.133', 2),
(51, 'admin', 1, '成功', '2017-08-30 20:17:51', '218.187.126.151', 0),
(52, 'admin', 3, '3C家電 id:11', '2017-08-30 20:18:17', '61.224.78.133', 3),
(53, 'admin', 3, '手機 id:12', '2017-08-30 20:18:27', '61.224.78.133', 3),
(54, 'admin', 3, '電腦 id:13', '2017-08-30 20:18:36', '61.224.78.133', 3),
(55, 'admin', 1, '成功', '2017-08-30 20:23:44', '27.246.200.142', 0),
(56, 'admin', 3, '', '2017-08-30 20:23:57', '27.246.200.142', 2),
(57, 'admin', 1, '操作記錄', '2017-08-30 20:33:21', '61.224.78.133', 2),
(58, 'admin', 1, '列表', '2017-08-30 20:34:08', '61.224.78.133', 2),
(59, 'admin', 1, '操作記錄', '2017-08-30 20:39:12', '61.224.78.133', 2),
(60, 'admin', 3, '', '2017-08-30 20:39:15', '61.224.78.133', 2),
(61, 'admin', 3, '零食 id:14', '2017-08-30 20:49:38', '61.224.78.133', 3),
(62, 'admin', 3, '零食 id:15', '2017-08-30 20:50:09', '61.224.78.133', 3),
(63, 'admin', 3, '點心 id:14', '2017-08-30 20:50:18', '61.224.78.133', 4),
(64, 'admin', 3, '零食 id:15', '2017-08-30 20:50:26', '61.224.78.133', 4),
(65, 'admin', 3, '', '2017-08-30 20:50:30', '61.224.78.133', 2),
(66, 'admin', 3, '積木軟糖Jerry Block id:4', '2017-08-30 20:52:50', '61.224.78.133', 3),
(67, 'admin', 1, '成功', '2017-08-30 21:43:29', '218.187.126.151', 0),
(68, 'admin', 3, '', '2017-08-30 21:43:33', '218.187.126.151', 2),
(69, 'admin', 1, '成功', '2017-08-30 23:53:27', '27.247.97.234', 0),
(70, 'admin', 3, '', '2017-08-30 23:54:28', '27.247.97.234', 2),
(71, 'Admin', 1, '成功', '2017-08-31 08:31:57', '27.52.203.62', 0),
(72, 'Admin', 1, '成功', '2017-08-31 08:32:52', '27.52.203.62', 0),
(73, 'admin', 3, '', '2017-08-31 08:33:09', '27.52.203.62', 2),
(74, 'admin', 3, '唇膏 id:16', '2017-08-31 08:36:04', '27.52.203.62', 3),
(75, 'admin', 3, '1筆資料(''16'')', '2017-08-31 08:36:47', '27.52.203.62', 5),
(76, 'admin', 1, '成功', '2017-08-31 09:04:59', '36.232.142.58', 0),
(77, 'admin', 3, '', '2017-08-31 09:05:12', '36.232.142.58', 2),
(78, 'admin', 3, '唇部彩妝、保養 id:17', '2017-08-31 09:10:37', '36.232.142.58', 3),
(79, 'admin', 3, '眼妝 id:18', '2017-08-31 09:10:51', '36.232.142.58', 3),
(80, 'admin', 1, '成功', '2017-08-31 09:10:53', '36.232.142.58', 0),
(81, 'admin', 3, '美妝保健 id:1', '2017-08-31 09:11:15', '36.232.142.58', 4),
(82, 'admin', 3, '唇部彩妝、保養 id:17', '2017-08-31 09:11:28', '36.232.142.58', 4),
(83, 'admin', 3, '眼妝 id:18', '2017-08-31 09:11:32', '36.232.142.58', 4),
(84, 'admin', 3, '眼影 id:19', '2017-08-31 09:11:50', '36.232.142.58', 3),
(85, 'admin', 3, '臉部清潔 id:18', '2017-08-31 09:12:12', '36.232.142.58', 4),
(86, 'admin', 3, '美妝保健 id:1', '2017-08-31 09:12:26', '36.232.142.58', 4),
(87, 'admin', 3, '唇部彩妝、保養 id:17', '2017-08-31 09:12:38', '36.232.142.58', 4),
(88, 'admin', 3, '臉部清潔 id:18', '2017-08-31 09:12:44', '36.232.142.58', 4),
(89, 'admin', 3, '眼影 id:19', '2017-08-31 09:12:48', '36.232.142.58', 4),
(90, 'admin', 3, '', '2017-08-31 09:13:16', '36.232.142.58', 2),
(91, 'admin', 1, '成功', '2017-08-31 09:28:17', '36.232.142.58', 0),
(92, 'admin', 3, '', '2017-08-31 09:28:27', '36.232.142.58', 2),
(93, 'admin', 1, '成功', '2017-08-31 09:28:32', '36.232.142.58', 0),
(94, 'admin', 3, '', '2017-08-31 09:28:38', '36.232.142.58', 2),
(95, 'admin', 3, '美妝 id:1', '2017-08-31 09:28:48', '36.232.142.58', 4),
(96, 'admin', 3, '唇部彩妝、保養 id:17', '2017-08-31 09:28:56', '36.232.142.58', 4),
(97, 'admin', 3, '臉部清潔 id:18', '2017-08-31 09:29:00', '36.232.142.58', 4),
(98, 'admin', 3, '眼影 id:19', '2017-08-31 09:29:04', '36.232.142.58', 4),
(99, 'admin', 1, '登入失敗-帳密不正確', '2017-08-31 09:29:06', '36.232.142.58', 0),
(100, 'admin', 1, '登入失敗-帳密不正確', '2017-08-31 09:29:17', '36.232.142.58', 0),
(101, 'admin', 1, '成功', '2017-08-31 09:29:40', '36.232.142.58', 0),
(102, 'admin', 3, '', '2017-08-31 09:29:51', '36.232.142.58', 2),
(103, 'admin', 3, '運動用品 id:20', '2017-08-31 09:31:20', '36.232.142.58', 3),
(104, 'admin', 3, '球鞋 id:21', '2017-08-31 09:31:29', '36.232.142.58', 3),
(105, 'admin', 3, '', '2017-08-31 09:31:35', '36.232.142.58', 2),
(106, 'admin', 1, '成功', '2017-08-31 09:31:53', '36.232.142.58', 0),
(107, 'admin', 3, '', '2017-08-31 09:32:00', '36.232.142.58', 2),
(108, 'admin', 3, '底妝-定妝 id:22', '2017-08-31 09:32:49', '36.232.142.58', 3),
(109, 'admin', 3, '排序', '2017-08-31 09:32:59', '36.232.142.58', 7),
(110, 'admin', 3, '', '2017-08-31 09:33:37', '36.232.142.58', 2),
(111, 'admin', 1, '列表', '2017-08-31 09:34:49', '36.232.142.58', 2),
(112, 'admin', 3, 'DHC純欖護唇膏 id:5', '2017-08-31 09:36:33', '36.232.142.58', 3),
(113, 'admin', 3, '排序', '2017-08-31 09:38:05', '36.232.142.58', 7),
(114, 'admin', 3, 'Reebok- CLUB C 85 id:6', '2017-08-31 09:38:06', '36.232.142.58', 3),
(115, 'admin', 3, '', '2017-08-31 09:38:54', '36.232.142.58', 2),
(116, 'admin', 3, '', '2017-08-31 09:39:49', '36.232.142.58', 2),
(117, 'admin', 3, 'Innisfree 涼感礦物控油蜜粉 id:7', '2017-08-31 09:42:25', '36.232.142.58', 3),
(118, 'admin', 3, '排序', '2017-08-31 09:42:48', '36.232.142.58', 7),
(119, 'admin', 3, '', '2017-08-31 09:42:57', '36.232.142.58', 2),
(120, 'admin', 3, '底妝-妝前 id:23', '2017-08-31 09:44:00', '36.232.142.58', 3),
(121, 'admin', 3, '底妝-遮瑕 id:24', '2017-08-31 09:44:18', '36.232.142.58', 3),
(122, 'admin', 3, '3CE Mood Recipe 5色 id:8', '2017-08-31 09:44:24', '36.232.142.58', 3),
(123, 'admin', 3, '底妝-粉底 id:25', '2017-08-31 09:44:30', '36.232.142.58', 3),
(124, 'admin', 3, '彩妝-眉彩 id:26', '2017-08-31 09:44:52', '36.232.142.58', 3),
(125, 'admin', 3, '彩妝-眼影 id:19', '2017-08-31 09:45:02', '36.232.142.58', 4),
(126, 'admin', 3, '1筆資料(''18'')', '2017-08-31 09:45:22', '36.232.142.58', 5),
(127, 'admin', 3, '呼吸巧克力-可可亞 id:9', '2017-08-31 09:45:35', '36.232.142.58', 3),
(128, 'admin', 3, '彩妝-眼線 id:27', '2017-08-31 09:45:54', '36.232.142.58', 3),
(129, 'admin', 3, '', '2017-08-31 09:46:10', '36.232.142.58', 2),
(130, 'admin', 3, '彩妝-睫毛 id:28', '2017-08-31 09:46:12', '36.232.142.58', 3),
(131, 'admin', 3, '1筆資料(''19'')', '2017-08-31 09:46:27', '36.232.142.58', 5),
(132, 'admin', 3, '1筆資料(''17'')', '2017-08-31 09:46:30', '36.232.142.58', 5),
(133, 'admin', 3, '彩妝-眼影 id:29', '2017-08-31 09:46:51', '36.232.142.58', 3),
(134, 'admin', 3, '彩妝-眼影 id:30', '2017-08-31 09:46:51', '36.232.142.58', 3),
(135, 'admin', 3, '彩妝-眼影 id:31', '2017-08-31 09:46:52', '36.232.142.58', 3),
(136, 'admin', 3, '彩妝-眼影 id:32', '2017-08-31 09:46:59', '36.232.142.58', 3),
(137, 'admin', 3, '彩妝-頰彩 id:33', '2017-08-31 09:47:27', '36.232.142.58', 3),
(138, 'admin', 3, '彩妝-修容 id:34', '2017-08-31 09:47:42', '36.232.142.58', 3),
(139, 'admin', 3, '彩妝-唇彩 id:35', '2017-08-31 09:47:54', '36.232.142.58', 3),
(140, 'admin', 3, '彩妝-美甲 id:36', '2017-08-31 09:48:08', '36.232.142.58', 3),
(141, 'admin', 3, '保養 id:5', '2017-08-31 09:48:16', '36.232.142.58', 4),
(142, 'admin', 3, '底妝&amp;彩妝 id:1', '2017-08-31 09:48:53', '36.232.142.58', 4),
(143, 'admin', 3, '', '2017-08-31 09:49:00', '36.232.142.58', 2),
(144, 'admin', 3, '保養&amp;防曬 id:5', '2017-08-31 09:49:20', '36.232.142.58', 4),
(145, 'admin', 3, '', '2017-08-31 09:49:24', '36.232.142.58', 2),
(146, 'admin', 3, '', '2017-08-31 09:49:42', '36.232.142.58', 2),
(147, 'admin', 3, '', '2017-08-31 09:51:13', '36.232.142.58', 2),
(148, 'admin', 3, 'DHC純欖護唇膏 id:5', '2017-08-31 09:52:38', '36.232.142.58', 4),
(149, 'admin', 1, '成功', '2017-08-31 09:52:51', '36.232.142.58', 0),
(150, 'admin', 3, '', '2017-08-31 09:52:58', '36.232.142.58', 2),
(151, 'admin', 3, '3CE Mood Recipe 5色 id:8', '2017-08-31 09:53:00', '36.232.142.58', 4),
(152, 'admin', 1, '成功', '2017-08-31 09:53:09', '36.232.142.58', 0),
(153, 'admin', 3, '', '2017-08-31 09:53:17', '36.232.142.58', 2),
(154, 'admin', 3, '呼吸巧克力-可可亞 id:9', '2017-08-31 09:53:25', '36.232.142.58', 4),
(155, 'admin', 3, '3CE Mood Recipe 5色 id:8', '2017-08-31 09:53:40', '36.232.142.58', 4),
(156, 'admin', 3, 'Innisfree 涼感礦物控油蜜粉 id:7', '2017-08-31 09:53:52', '36.232.142.58', 4),
(157, 'admin', 3, '3CE Mood Recipe id:8', '2017-08-31 09:54:25', '36.232.142.58', 4),
(158, 'admin', 3, '1筆資料(''8'')', '2017-08-31 09:54:37', '36.232.142.58', 5),
(159, 'admin', 3, 'DHC純欖護唇膏 id:5', '2017-08-31 09:54:54', '36.232.142.58', 4),
(160, 'admin', 3, 'Innisfree 涼感礦物控油蜜粉 id:7', '2017-08-31 09:55:08', '36.232.142.58', 4),
(161, 'admin', 3, '', '2017-08-31 09:55:11', '36.232.142.58', 2),
(162, 'admin', 3, '面膜 id:37', '2017-08-31 09:56:13', '36.232.142.58', 3),
(163, 'admin', 3, '防曬乳1 id:6', '2017-08-31 09:56:20', '36.232.142.58', 4),
(164, 'admin', 3, '', '2017-08-31 09:56:27', '36.232.142.58', 2),
(165, 'admin', 3, 'DHC純欖護唇膏 id:5', '2017-08-31 09:56:48', '36.232.142.58', 4),
(166, 'admin', 3, '', '2017-08-31 09:57:12', '36.232.142.58', 2),
(167, 'admin', 3, '1筆資料(''30'')', '2017-08-31 09:58:10', '36.232.142.58', 5),
(168, 'admin', 3, '1筆資料(''29'')', '2017-08-31 09:58:14', '36.232.142.58', 5),
(169, 'admin', 3, '1筆資料(''31'')', '2017-08-31 09:58:17', '36.232.142.58', 5),
(170, 'admin', 1, '操作記錄', '2017-08-31 09:58:34', '36.232.142.58', 2),
(171, 'admin', 3, '食品 id:14', '2017-08-31 09:58:54', '36.232.142.58', 4),
(172, 'admin', 1, '列表', '2017-08-31 09:58:55', '36.232.142.58', 2),
(173, 'admin', 3, '', '2017-08-31 09:59:09', '36.232.142.58', 2),
(174, 'admin', 3, '零食．點心 id:15', '2017-08-31 09:59:23', '36.232.142.58', 4),
(175, 'admin', 3, '飲品 id:38', '2017-08-31 09:59:48', '36.232.142.58', 3),
(176, 'admin', 3, '藥品 id:39', '2017-08-31 10:00:02', '36.232.142.58', 3),
(177, 'admin', 3, '腸胃藥 id:40', '2017-08-31 10:00:13', '36.232.142.58', 3),
(178, 'admin', 3, '止痛藥 id:41', '2017-08-31 10:00:21', '36.232.142.58', 3),
(179, 'admin', 1, '列表', '2017-08-31 10:00:30', '36.232.142.58', 2),
(180, 'admin', 1, '操作記錄', '2017-08-31 10:00:36', '36.232.142.58', 2),
(181, 'admin', 3, '感冒藥 id:42', '2017-08-31 10:00:38', '36.232.142.58', 3),
(182, 'admin', 3, '保健食品 id:43', '2017-08-31 10:00:49', '36.232.142.58', 3),
(183, 'admin', 3, '沖泡 id:44', '2017-08-31 10:01:04', '36.232.142.58', 3),
(184, 'admin', 3, '', '2017-08-31 10:01:16', '36.232.142.58', 2),
(185, 'admin', 3, '喜鵲茶葉 id:10', '2017-08-31 10:02:12', '36.232.142.58', 3),
(186, 'admin', 3, '', '2017-08-31 10:03:02', '36.232.142.58', 2),
(187, 'admin', 3, '3C＆家電 id:11', '2017-08-31 10:04:18', '36.232.142.58', 4),
(188, 'admin', 3, '', '2017-08-31 10:04:22', '36.232.142.58', 2),
(189, 'admin', 3, '家電 id:45', '2017-08-31 10:04:44', '36.232.142.58', 3),
(190, 'admin', 3, '大型家電 id:45', '2017-08-31 10:06:30', '36.232.142.58', 4),
(191, 'admin', 3, '廚房用品 id:46', '2017-08-31 10:06:43', '36.232.142.58', 3),
(192, 'admin', 3, '生活家電 id:47', '2017-08-31 10:06:56', '36.232.142.58', 3),
(193, 'admin', 3, '廚房家電 id:46', '2017-08-31 10:07:09', '36.232.142.58', 4),
(194, 'admin', 3, '雜貨 id:48', '2017-08-31 10:07:36', '36.232.142.58', 3),
(195, 'admin', 3, '文具 id:49', '2017-08-31 10:07:53', '36.232.142.58', 3),
(196, 'admin', 3, '生活小物 id:50', '2017-08-31 10:08:07', '36.232.142.58', 3),
(197, 'admin', 3, '文具用品 id:49', '2017-08-31 10:08:29', '36.232.142.58', 4),
(198, 'admin', 3, '嬰兒食品 id:51', '2017-08-31 10:09:06', '36.232.142.58', 3),
(199, 'admin', 3, '1筆資料(''44'')', '2017-08-31 10:09:12', '36.232.142.58', 5),
(200, 'admin', 3, '飲品＆沖泡類 id:38', '2017-08-31 10:10:14', '36.232.142.58', 4),
(201, 'admin', 3, '排序', '2017-08-31 10:10:18', '36.232.142.58', 7),
(202, 'admin', 3, '調味料 id:52', '2017-08-31 10:11:49', '36.232.142.58', 3),
(203, 'admin', 3, '', '2017-08-31 10:12:07', '36.232.142.58', 2),
(204, 'admin', 3, '洗臉 id:53', '2017-08-31 10:14:22', '36.232.142.58', 3),
(205, 'admin', 3, '卸妝 id:54', '2017-08-31 10:14:30', '36.232.142.58', 3),
(206, 'admin', 3, '防曬乳 id:6', '2017-08-31 10:14:38', '36.232.142.58', 4),
(207, 'admin', 3, '防曬 id:6', '2017-08-31 10:14:44', '36.232.142.58', 4),
(208, 'admin', 3, '化妝水 id:55', '2017-08-31 10:14:56', '36.232.142.58', 3),
(209, 'admin', 3, '乳液 id:56', '2017-08-31 10:15:03', '36.232.142.58', 3),
(210, 'admin', 3, '乳霜＆凝霜 id:57', '2017-08-31 10:15:27', '36.232.142.58', 3),
(211, 'admin', 3, '精華 id:58', '2017-08-31 10:15:41', '36.232.142.58', 3),
(212, 'admin', 3, '眼睫保養 id:59', '2017-08-31 10:16:26', '36.232.142.58', 3),
(213, 'admin', 3, '唇部保養 id:60', '2017-08-31 10:16:34', '36.232.142.58', 3),
(214, 'admin', 3, '去角質 id:61', '2017-08-31 10:17:22', '36.232.142.58', 3),
(215, 'admin', 3, '洗沐美體 id:62', '2017-08-31 10:20:24', '36.232.142.58', 3),
(216, 'admin', 3, '沐浴乳 id:63', '2017-08-31 10:23:29', '36.232.142.58', 3),
(217, 'admin', 3, '洗髮乳 id:64', '2017-08-31 10:23:41', '36.232.142.58', 3),
(218, 'admin', 3, '洗髮乳＆潤髮乳 id:64', '2017-08-31 10:23:55', '36.232.142.58', 4),
(219, 'admin', 3, '乳液 id:65', '2017-08-31 10:24:22', '36.232.142.58', 3),
(220, 'admin', 3, '乳液 id:66', '2017-08-31 10:24:23', '36.232.142.58', 3),
(221, 'admin', 3, '護膚用品 id:67', '2017-08-31 10:25:10', '36.232.142.58', 3),
(222, 'admin', 3, '1筆資料(''66'')', '2017-08-31 10:25:16', '36.232.142.58', 5),
(223, 'admin', 3, '染劑＆造型品 id:68', '2017-08-31 10:25:56', '36.232.142.58', 3),
(224, 'admin', 3, '潔牙用品 id:69', '2017-08-31 10:26:36', '36.232.142.58', 3),
(225, 'admin', 3, '護膚＆護髮用品 id:67', '2017-08-31 10:27:34', '36.232.142.58', 4),
(226, 'admin', 3, '', '2017-08-31 10:27:40', '36.232.142.58', 2),
(227, 'admin', 3, '美彩小物 id:70', '2017-08-31 10:29:03', '36.232.142.58', 3),
(228, 'admin', 3, '保養小物 id:71', '2017-08-31 10:29:18', '36.232.142.58', 3),
(229, 'admin', 3, '', '2017-08-31 10:30:09', '36.232.142.58', 2),
(230, 'admin', 1, '成功', '2017-08-31 10:33:22', '59.127.37.46', 0),
(231, 'admin', 3, '', '2017-08-31 10:33:25', '59.127.37.46', 2),
(232, 'admin', 1, '列表', '2017-08-31 10:33:31', '59.127.37.46', 2),
(233, 'admin', 3, '', '2017-08-31 10:33:33', '59.127.37.46', 2),
(234, 'admin', 3, '', '2017-08-31 10:39:21', '36.232.142.58', 2),
(235, 'admin', 3, '運動休閒用品 id:20', '2017-08-31 10:39:39', '36.232.142.58', 4),
(236, 'admin', 3, '', '2017-08-31 10:39:42', '36.232.142.58', 2),
(237, 'admin', 3, '襪子 id:72', '2017-08-31 10:40:15', '36.232.142.58', 3),
(238, 'admin', 3, '帽子 id:73', '2017-08-31 10:40:23', '36.232.142.58', 3),
(239, 'admin', 3, '包包 id:74', '2017-08-31 10:40:28', '36.232.142.58', 3),
(240, 'admin', 3, '日用品 id:62', '2017-08-31 10:57:13', '36.232.142.58', 4),
(241, 'admin', 3, '', '2017-08-31 10:57:20', '36.232.142.58', 2),
(242, 'admin', 3, '生理用品 id:62', '2017-08-31 10:57:32', '36.232.142.58', 4),
(243, 'admin', 3, '洗衣清潔 id:75', '2017-08-31 10:58:11', '36.232.142.58', 3),
(244, 'admin', 3, '', '2017-08-31 10:58:13', '36.232.142.58', 2),
(245, 'admin', 3, '生活用品 id:62', '2017-08-31 10:58:27', '36.232.142.58', 4),
(246, 'admin', 3, '生理用品 id:62', '2017-08-31 10:58:36', '36.232.142.58', 4),
(247, 'admin', 3, '', '2017-08-31 10:58:38', '36.232.142.58', 2),
(248, 'admin', 3, '生活用品 id:62', '2017-08-31 10:58:45', '36.232.142.58', 4),
(249, 'admin', 3, '', '2017-08-31 10:58:47', '36.232.142.58', 2),
(250, 'admin', 3, '生理用品 id:76', '2017-08-31 10:58:57', '36.232.142.58', 3),
(251, 'admin', 3, '家用清潔劑 id:77', '2017-08-31 10:59:33', '36.232.142.58', 3),
(252, 'admin', 3, '除蟲用品 id:78', '2017-08-31 10:59:46', '36.232.142.58', 3),
(253, 'admin', 3, '沐浴用品 id:63', '2017-08-31 11:00:04', '36.232.142.58', 4),
(254, 'admin', 3, '洗髮＆潤髮系列 id:64', '2017-08-31 11:00:17', '36.232.142.58', 4),
(255, 'admin', 3, '沐浴系列 id:63', '2017-08-31 11:00:27', '36.232.142.58', 4),
(256, 'admin', 3, '', '2017-08-31 11:02:01', '36.232.142.58', 2),
(257, 'admin', 3, '香水＆香氛 id:7', '2017-08-31 11:10:08', '36.232.142.58', 4),
(258, 'admin', 3, '', '2017-08-31 11:10:12', '36.232.142.58', 2),
(259, 'admin', 3, '1筆資料(''9'')', '2017-08-31 11:10:16', '36.232.142.58', 5),
(260, 'admin', 3, '1筆資料(''10'')', '2017-08-31 11:10:18', '36.232.142.58', 5),
(261, 'admin', 3, '纖盈美體 id:79', '2017-08-31 11:14:20', '36.232.142.58', 3),
(262, 'admin', 1, '成功', '2017-08-31 11:30:23', '36.232.142.58', 0),
(263, 'admin', 3, '眼藥水 id:80', '2017-08-31 11:36:56', '36.232.142.58', 3),
(264, 'admin', 3, '', '2017-08-31 11:52:50', '36.232.142.58', 2),
(265, 'admin', 1, '列表', '2017-08-31 11:56:24', '36.232.142.58', 2),
(266, 'admin', 1, '操作記錄', '2017-08-31 11:56:34', '36.232.142.58', 2),
(267, 'admin', 3, '', '2017-08-31 11:58:25', '36.232.142.58', 2),
(268, 'admin', 3, '', '2017-08-31 11:59:24', '36.232.142.58', 2),
(269, 'admin', 1, '成功', '2017-08-31 13:01:54', '36.232.142.58', 0),
(270, 'admin', 3, '', '2017-08-31 13:01:58', '36.232.142.58', 2),
(271, 'admin', 3, '呼吸巧克力-可可亞 id:9', '2017-08-31 13:10:43', '36.232.142.58', 4),
(272, 'admin', 3, '', '2017-08-31 13:12:48', '36.232.142.58', 2),
(273, 'admin', 3, '65 id:81', '2017-08-31 13:14:13', '36.232.142.58', 3),
(274, 'admin', 3, '1筆資料(''81'')', '2017-08-31 13:14:31', '36.232.142.58', 5),
(275, 'admin', 3, '', '2017-08-31 13:17:35', '36.232.142.58', 2),
(276, 'admin', 3, '排序', '2017-08-31 13:21:13', '36.232.142.58', 7),
(277, 'admin', 3, '', '2017-08-31 13:24:28', '36.232.142.58', 2),
(278, 'admin', 1, '成功', '2017-08-31 13:46:50', '36.232.142.58', 0),
(279, 'admin', 3, '', '2017-08-31 13:46:55', '36.232.142.58', 2),
(280, 'admin', 1, '成功', '2017-08-31 13:46:56', '36.232.142.58', 0),
(281, 'admin', 3, '家常備藥 id:40', '2017-08-31 13:47:24', '36.232.142.58', 4),
(282, 'admin', 3, '1筆資料(''41'')', '2017-08-31 13:49:35', '36.232.142.58', 5),
(283, 'admin', 3, '1筆資料(''42'')', '2017-08-31 13:49:39', '36.232.142.58', 5),
(284, 'admin', 3, '外用藥 id:82', '2017-08-31 13:55:08', '36.232.142.58', 3),
(285, 'admin', 3, '內服藥 id:83', '2017-08-31 13:55:19', '36.232.142.58', 3),
(286, 'admin', 3, '全身 id:84', '2017-08-31 14:00:20', '36.232.142.58', 3),
(287, 'admin', 3, '臉部 id:85', '2017-08-31 14:00:30', '36.232.142.58', 3),
(288, 'admin', 3, '頭部 id:86', '2017-08-31 14:00:41', '36.232.142.58', 3),
(289, 'admin', 3, '手部 id:87', '2017-08-31 14:01:05', '36.232.142.58', 3),
(290, 'admin', 3, '腳部 id:88', '2017-08-31 14:01:28', '36.232.142.58', 3),
(291, 'admin', 3, '嘴部 id:89', '2017-08-31 14:02:21', '36.232.142.58', 3),
(292, 'admin', 3, '私密部位 id:90', '2017-08-31 14:02:38', '36.232.142.58', 3),
(293, 'admin', 3, '保健用品 id:91', '2017-08-31 14:10:29', '36.232.142.58', 3),
(294, 'admin', 3, '泡麵 id:79', '2017-08-31 14:17:17', '36.232.142.58', 4),
(295, 'admin', 3, '調味料&amp;罐頭食品 id:52', '2017-08-31 14:21:18', '36.232.142.58', 4),
(296, 'admin', 3, '寵物用品 id:92', '2017-08-31 14:21:35', '36.232.142.58', 3),
(297, 'admin', 3, '即時食品 id:93', '2017-08-31 14:26:40', '36.232.142.58', 3),
(298, 'admin', 3, '相機 id:94', '2017-08-31 14:29:47', '36.232.142.58', 3),
(299, 'admin', 3, '手機&amp;平板 id:12', '2017-08-31 14:30:53', '36.232.142.58', 4),
(300, 'admin', 3, '配件 id:95', '2017-08-31 14:32:04', '36.232.142.58', 3),
(301, 'admin', 3, '3C配件 id:95', '2017-08-31 14:32:13', '36.232.142.58', 4),
(302, 'admin', 3, '相機&amp;攝影機 id:94', '2017-08-31 14:33:05', '36.232.142.58', 4),
(303, 'admin', 3, '', '2017-08-31 14:34:34', '36.232.142.58', 2),
(304, 'admin', 3, '手機配件 id:96', '2017-08-31 14:36:15', '36.232.142.58', 3),
(305, 'admin', 3, '香氛用品 id:97', '2017-08-31 14:37:02', '36.232.142.58', 3),
(306, 'admin', 3, '配件 id:72', '2017-08-31 14:37:34', '36.232.142.58', 4),
(307, 'admin', 3, '1筆資料(''73'')', '2017-08-31 14:37:41', '36.232.142.58', 5),
(308, 'admin', 3, '服飾 id:98', '2017-08-31 14:37:58', '36.232.142.58', 3),
(309, 'admin', 3, '服飾 id:99', '2017-08-31 14:38:53', '36.232.142.58', 3),
(310, 'admin', 3, '男裝 id:100', '2017-08-31 14:39:13', '36.232.142.58', 3),
(311, 'admin', 3, '女裝 id:101', '2017-08-31 14:39:20', '36.232.142.58', 3),
(312, 'admin', 3, '童裝 id:102', '2017-08-31 14:39:27', '36.232.142.58', 3),
(313, 'admin', 3, '鞋&amp;包 id:103', '2017-08-31 14:42:38', '36.232.142.58', 3),
(314, 'admin', 3, '男鞋 id:104', '2017-08-31 14:42:48', '36.232.142.58', 3),
(315, 'admin', 3, '女鞋 id:105', '2017-08-31 14:42:56', '36.232.142.58', 3),
(316, 'admin', 3, '包包 id:106', '2017-08-31 14:43:01', '36.232.142.58', 3),
(317, 'admin', 3, '鞋類 id:103', '2017-08-31 14:46:09', '36.232.142.58', 4),
(318, 'admin', 3, '', '2017-08-31 14:46:11', '36.232.142.58', 2),
(319, 'admin', 3, '運動男鞋 id:104', '2017-08-31 14:46:19', '36.232.142.58', 4),
(320, 'admin', 3, '運動女鞋 id:105', '2017-08-31 14:46:26', '36.232.142.58', 4),
(321, 'admin', 3, '休閒男鞋 id:106', '2017-08-31 14:46:34', '36.232.142.58', 4),
(322, 'admin', 3, '休閒女鞋 id:107', '2017-08-31 14:46:47', '36.232.142.58', 3),
(323, 'admin', 3, '男皮鞋 id:108', '2017-08-31 14:47:08', '36.232.142.58', 3),
(324, 'admin', 3, '時尚流行女鞋 id:109', '2017-08-31 14:48:13', '36.232.142.58', 3),
(325, 'admin', 3, '食品 id:110', '2017-08-31 14:49:20', '36.232.142.58', 3),
(326, 'admin', 3, '配件 id:111', '2017-08-31 14:49:56', '36.232.142.58', 3),
(327, 'admin', 3, '服飾&amp;配飾&amp;錶 id:99', '2017-08-31 14:51:37', '36.232.142.58', 4),
(328, 'admin', 3, '', '2017-08-31 14:51:48', '36.232.142.58', 2),
(329, 'admin', 3, '服飾 id:99', '2017-08-31 14:52:08', '36.232.142.58', 4),
(330, 'admin', 3, '配飾&amp;錶 id:112', '2017-08-31 14:52:15', '36.232.142.58', 3),
(331, 'admin', 3, '男錶 id:113', '2017-08-31 14:52:26', '36.232.142.58', 3),
(332, 'admin', 3, '女錶 id:114', '2017-08-31 14:52:32', '36.232.142.58', 3),
(333, 'admin', 3, '耳環 id:115', '2017-08-31 14:52:45', '36.232.142.58', 3),
(334, 'admin', 3, '手環 id:116', '2017-08-31 14:53:04', '36.232.142.58', 3),
(335, 'admin', 3, '戒指 id:117', '2017-08-31 14:53:10', '36.232.142.58', 3),
(336, 'admin', 3, '項鍊 id:118', '2017-08-31 14:53:16', '36.232.142.58', 3),
(337, 'admin', 3, '髮飾 id:119', '2017-08-31 14:53:37', '36.232.142.58', 3),
(338, 'admin', 3, '', '2017-08-31 14:54:11', '36.232.142.58', 2),
(339, 'admin', 3, '男內著 id:120', '2017-08-31 14:55:59', '36.232.142.58', 3),
(340, 'admin', 3, '女內著 id:121', '2017-08-31 14:56:11', '36.232.142.58', 3),
(341, 'admin', 3, '泳裝 id:122', '2017-08-31 14:57:09', '36.232.142.58', 3),
(342, 'admin', 3, '登山&amp;露營用品 id:123', '2017-08-31 14:57:52', '36.232.142.58', 3),
(343, 'admin', 3, '熱門主題商品 id:124', '2017-08-31 15:03:43', '36.232.142.58', 3),
(344, 'admin', 3, '迪士尼 id:125', '2017-08-31 15:03:52', '36.232.142.58', 3),
(345, 'admin', 3, '迪士尼限定 id:125', '2017-08-31 15:04:52', '36.232.142.58', 4),
(346, 'admin', 3, '環球影城限定 id:126', '2017-08-31 15:05:03', '36.232.142.58', 3),
(347, 'admin', 1, '成功', '2017-08-31 15:06:48', '36.232.142.58', 0),
(348, 'admin', 3, '', '2017-08-31 15:06:52', '36.232.142.58', 2),
(349, 'admin', 3, '卡通動漫 id:127', '2017-08-31 15:07:26', '36.232.142.58', 3),
(350, 'admin', 3, '玩具&amp;公仔 id:128', '2017-08-31 15:11:18', '36.232.142.58', 3),
(351, 'admin', 3, '眼鏡&amp;墨鏡 id:129', '2017-08-31 15:16:33', '36.232.142.58', 3),
(352, 'admin', 3, '1筆資料(''65'')', '2017-08-31 15:17:18', '36.232.142.58', 5),
(353, 'admin', 3, '居家用品 id:62', '2017-08-31 15:25:53', '36.232.142.58', 4),
(354, 'admin', 3, '', '2017-08-31 15:30:18', '36.232.142.58', 2),
(355, 'admin', 3, 'LINE Friends id:130', '2017-08-31 15:38:31', '36.232.142.58', 3),
(356, 'admin', 3, 'LINE FRIENDS id:130', '2017-08-31 15:38:52', '36.232.142.58', 4),
(357, 'admin', 3, 'KAKAO  TALK FRIENDS id:131', '2017-08-31 15:39:55', '36.232.142.58', 3),
(358, 'admin', 3, '1筆資料(''67'')', '2017-08-31 15:42:06', '36.232.142.58', 5),
(359, 'admin', 3, '護膚系列 id:132', '2017-08-31 15:42:47', '36.232.142.58', 3),
(360, 'admin', 3, '護髮系列 id:133', '2017-08-31 15:42:55', '36.232.142.58', 3),
(361, 'admin', 3, '定妝 id:22', '2017-08-31 15:44:39', '36.232.142.58', 4),
(362, 'admin', 3, '妝前 id:23', '2017-08-31 15:44:44', '36.232.142.58', 4),
(363, 'admin', 3, '遮瑕 id:24', '2017-08-31 15:44:50', '36.232.142.58', 4),
(364, 'admin', 3, '粉底 id:25', '2017-08-31 15:44:54', '36.232.142.58', 4),
(365, 'admin', 3, '眉彩 id:26', '2017-08-31 15:45:19', '36.232.142.58', 4),
(366, 'admin', 3, '眼線 id:27', '2017-08-31 15:45:40', '36.232.142.58', 4),
(367, 'admin', 3, '唇彩 id:35', '2017-08-31 15:45:48', '36.232.142.58', 4),
(368, 'admin', 3, '眼影 id:32', '2017-08-31 15:45:53', '36.232.142.58', 4),
(369, 'admin', 3, '睫毛 id:28', '2017-08-31 15:46:02', '36.232.142.58', 4),
(370, 'admin', 3, '頰彩 id:33', '2017-08-31 15:46:10', '36.232.142.58', 4),
(371, 'admin', 3, '修容 id:34', '2017-08-31 15:46:14', '36.232.142.58', 4),
(372, 'admin', 3, '美甲 id:36', '2017-08-31 15:46:19', '36.232.142.58', 4),
(373, 'admin', 3, '伴手禮 id:134', '2017-08-31 15:48:13', '36.232.142.58', 3),
(374, 'admin', 3, '帽子 id:135', '2017-08-31 15:53:14', '36.232.142.58', 3),
(375, 'admin', 3, '三麗鷗系列 id:136', '2017-08-31 15:54:01', '36.232.142.58', 3),
(376, 'admin', 3, '迪士尼系列 id:125', '2017-08-31 15:54:13', '36.232.142.58', 4),
(377, 'admin', 3, '環球影城系列 id:126', '2017-08-31 15:54:21', '36.232.142.58', 4),
(378, 'admin', 3, '星巴克系列 id:137', '2017-08-31 15:55:33', '36.232.142.58', 3),
(379, 'admin', 3, '明星周邊 id:138', '2017-08-31 16:00:04', '36.232.142.58', 3),
(380, 'admin', 3, '書籍文具 id:139', '2017-08-31 16:02:03', '36.232.142.58', 3),
(381, 'admin', 3, '1筆資料(''49'')', '2017-08-31 16:02:19', '36.232.142.58', 5),
(382, 'admin', 3, '文具用品 id:140', '2017-08-31 16:02:34', '36.232.142.58', 3),
(383, 'admin', 3, '書籍 id:141', '2017-08-31 16:02:41', '36.232.142.58', 3),
(384, 'admin', 3, 'DVD&amp;CD id:142', '2017-08-31 16:03:03', '36.232.142.58', 3),
(385, 'admin', 3, '書籍&amp;文具&amp;DVD id:139', '2017-08-31 16:04:15', '36.232.142.58', 4),
(386, 'admin', 3, '', '2017-08-31 16:04:17', '36.232.142.58', 2),
(387, 'admin', 3, '廚房用品 id:143', '2017-08-31 16:05:04', '36.232.142.58', 3),
(388, 'admin', 3, '婦幼商品 id:144', '2017-08-31 16:21:50', '36.232.142.58', 3),
(389, 'admin', 3, '哺育用品 id:145', '2017-08-31 16:22:27', '36.232.142.58', 3),
(390, 'admin', 3, '孕婦用品 id:146', '2017-08-31 16:22:45', '36.232.142.58', 3),
(391, 'admin', 3, '寢具用品 id:147', '2017-08-31 16:24:25', '36.232.142.58', 3),
(392, 'admin', 3, '美妝美髮 id:1', '2017-08-31 16:28:29', '36.232.142.58', 4),
(393, 'admin', 3, '居家生活 id:62', '2017-08-31 16:32:51', '36.232.142.58', 4),
(394, 'admin', 3, '1筆資料(''133'')', '2017-08-31 16:33:02', '36.232.142.58', 5),
(395, 'admin', 3, '護髮系列 id:148', '2017-08-31 16:33:15', '36.232.142.58', 3),
(396, 'admin', 3, '', '2017-08-31 16:33:16', '36.232.142.58', 2),
(397, 'admin', 1, '成功', '2017-08-31 17:02:03', '36.232.142.58', 0),
(398, 'admin', 3, '臉部清潔 id:53', '2017-08-31 17:02:29', '36.232.142.58', 4),
(399, 'admin', 3, '洗臉 id:53', '2017-08-31 17:02:58', '36.232.142.58', 4),
(400, 'admin', 3, '身體保養 id:132', '2017-08-31 17:13:28', '36.232.142.58', 4),
(401, 'admin', 3, '1筆資料(''132'')', '2017-08-31 17:14:40', '36.232.142.58', 5),
(402, 'admin', 3, '身體保養 id:149', '2017-08-31 17:14:54', '36.232.142.58', 3),
(403, 'admin', 3, '香水&amp;香精 id:8', '2017-08-31 17:16:35', '36.232.142.58', 4),
(404, 'admin', 3, '香膏 id:150', '2017-08-31 17:16:42', '36.232.142.58', 3),
(405, 'admin', 3, '沐浴用品 id:151', '2017-08-31 17:19:53', '36.232.142.58', 3),
(406, 'admin', 3, '1筆資料(''63'')', '2017-08-31 17:19:57', '36.232.142.58', 5),
(407, 'admin', 3, '洗潤髮用品 id:152', '2017-08-31 17:20:13', '36.232.142.58', 3),
(408, 'admin', 3, '1筆資料(''64'')', '2017-08-31 17:20:16', '36.232.142.58', 5),
(409, 'admin', 3, '美妝 id:1', '2017-08-31 17:21:06', '36.232.142.58', 4),
(410, 'admin', 3, '美髮系列 id:153', '2017-08-31 17:21:16', '36.232.142.58', 3),
(411, 'admin', 3, '美妝系列 id:1', '2017-08-31 17:21:22', '36.232.142.58', 4),
(412, 'admin', 3, '身體保養 id:153', '2017-08-31 17:21:36', '36.232.142.58', 4),
(413, 'admin', 3, '美髮系列 id:149', '2017-08-31 17:21:49', '36.232.142.58', 4),
(414, 'admin', 3, '', '2017-08-31 17:21:51', '36.232.142.58', 2),
(415, 'admin', 3, '護髮用品 id:154', '2017-08-31 17:23:02', '36.232.142.58', 3),
(416, 'admin', 3, '染劑&amp;造型品 id:155', '2017-08-31 17:23:19', '36.232.142.58', 3),
(417, 'admin', 3, '1筆資料(''68'')', '2017-08-31 17:23:25', '36.232.142.58', 5),
(418, 'admin', 3, '廚房用具 id:143', '2017-08-31 17:33:02', '36.232.142.58', 4),
(419, 'admin', 3, '收納 id:156', '2017-08-31 17:34:27', '36.232.142.58', 3),
(420, 'admin', 3, '1筆資料(''148'')', '2017-08-31 17:34:44', '36.232.142.58', 5),
(421, 'admin', 3, '美體保養 id:157', '2017-08-31 17:41:27', '36.232.142.58', 3),
(422, 'admin', 3, '手部保養 id:158', '2017-08-31 17:41:38', '36.232.142.58', 3),
(423, 'admin', 3, '腿足保養 id:159', '2017-08-31 17:41:52', '36.232.142.58', 3),
(424, 'admin', 3, '其他部位保養 id:160', '2017-08-31 17:42:10', '36.232.142.58', 3),
(425, 'admin', 3, '爽身制汗 id:161', '2017-08-31 17:46:25', '36.232.142.58', 3),
(426, 'admin', 3, '', '2017-08-31 17:52:55', '36.232.142.58', 2),
(427, 'admin', 1, '成功', '2017-08-31 17:54:56', '36.232.142.58', 0),
(428, 'admin', 3, '', '2017-08-31 17:55:01', '36.232.142.58', 2),
(429, 'admin', 1, '成功', '2017-09-01 09:15:00', '36.232.139.97', 0),
(430, 'admin', 3, '', '2017-09-01 09:16:00', '36.232.139.97', 2),
(431, 'admin', 3, '晶緻煥白隔離防曬乳 id:1', '2017-09-01 09:23:16', '36.232.139.97', 4),
(432, 'admin', 3, 'google id:11', '2017-09-01 09:24:56', '36.232.139.97', 3),
(433, 'admin', 3, '', '2017-09-01 09:37:48', '36.232.139.97', 2),
(434, 'admin', 1, '操作記錄', '2017-09-01 10:38:08', '36.232.139.97', 2),
(435, 'admin', 3, '', '2017-09-01 10:38:15', '36.232.139.97', 2),
(436, 'admin', 1, '成功', '2017-09-01 13:23:21', '36.232.139.97', 0),
(437, 'admin', 3, '', '2017-09-01 13:24:23', '36.232.139.97', 2),
(438, 'admin', 1, '成功', '2017-09-01 14:24:39', '36.232.139.97', 0),
(439, 'admin', 1, '列表', '2017-09-01 14:24:44', '36.232.139.97', 2),
(440, 'admin', 3, '', '2017-09-01 14:24:55', '36.232.139.97', 2),
(441, 'admin', 1, '成功', '2017-09-01 16:35:33', '36.232.139.97', 0),
(442, 'admin', 3, '', '2017-09-01 16:35:37', '36.232.139.97', 2),
(443, 'admin', 3, '1筆資料(''1'')', '2017-09-01 16:42:58', '36.232.139.97', 5),
(444, 'admin', 3, '排序', '2017-09-01 16:47:55', '36.232.139.97', 7),
(445, 'admin', 3, '', '2017-09-01 16:52:26', '36.232.139.97', 2),
(446, 'admin', 3, '排序', '2017-09-01 16:52:43', '36.232.139.97', 7),
(447, 'admin', 3, '', '2017-09-01 16:52:44', '36.232.139.97', 2),
(448, 'admin', 1, '成功', '2017-09-04 09:03:59', '111.242.210.62', 0),
(449, 'admin', 3, '', '2017-09-04 09:04:10', '111.242.210.62', 2),
(450, 'admin', 3, '排序', '2017-09-04 09:51:26', '111.242.210.62', 7),
(451, 'admin', 1, '成功', '2017-09-04 10:49:22', '111.242.210.62', 0),
(452, 'admin', 3, '', '2017-09-04 10:49:28', '111.242.210.62', 2),
(453, 'admin', 1, '成功', '2017-09-04 15:13:07', '111.242.210.62', 0),
(454, 'admin', 3, '', '2017-09-04 15:13:13', '111.242.210.62', 2),
(455, 'admin', 1, '成功', '2017-09-04 17:09:46', '59.127.37.46', 0),
(456, 'admin', 3, '', '2017-09-04 17:09:50', '59.127.37.46', 2),
(457, 'admin', 1, '成功', '2017-09-04 17:48:11', '111.242.210.62', 0),
(458, 'admin', 3, '', '2017-09-04 17:48:15', '111.242.210.62', 2),
(459, 'admin', 1, '成功', '2017-09-04 18:24:52', '59.127.37.46', 0),
(460, 'admin', 3, '', '2017-09-04 18:24:55', '59.127.37.46', 2),
(461, 'admin', 1, '成功', '2017-09-06 09:19:16', '111.242.210.62', 0),
(462, 'admin', 3, '', '2017-09-06 09:19:20', '111.242.210.62', 2),
(463, 'admin', 3, '排序', '2017-09-06 09:20:00', '111.242.210.62', 7),
(464, 'admin', 1, '成功', '2017-09-06 15:52:43', '59.127.37.46', 0),
(465, 'admin', 1, '成功', '2017-09-06 15:53:03', '59.127.37.46', 0),
(466, 'admin', 1, '成功', '2017-09-06 15:54:51', '59.127.37.46', 0),
(467, 'admin', 3, '', '2017-09-06 15:54:57', '59.127.37.46', 2),
(468, 'admin', 3, '排序', '2017-09-06 15:55:19', '59.127.37.46', 7),
(469, 'admin', 1, '成功', '2017-09-06 16:11:25', '59.127.37.46', 0),
(470, 'admin', 1, '成功', '2017-09-06 16:12:39', '59.127.37.46', 0),
(471, 'admin', 1, '成功', '2017-09-06 16:12:56', '59.127.37.46', 0),
(472, 'admin', 3, '', '2017-09-06 16:13:45', '59.127.37.46', 2),
(473, 'admin', 1, '成功', '2017-09-06 16:14:39', '59.127.37.46', 0),
(474, 'admin', 3, '', '2017-09-06 16:14:42', '59.127.37.46', 2),
(475, 'admin', 1, '成功', '2017-09-06 17:20:53', '59.127.37.46', 0),
(476, 'admin', 3, '', '2017-09-06 17:20:56', '59.127.37.46', 2),
(477, 'admin', 1, '成功', '2017-09-06 17:21:28', '59.127.37.46', 0),
(478, 'admin', 3, '', '2017-09-06 17:21:32', '59.127.37.46', 2),
(479, 'admin', 1, '成功', '2017-09-07 10:26:56', '111.242.210.62', 0),
(480, 'admin', 3, '', '2017-09-07 10:27:01', '111.242.210.62', 2),
(481, 'admin', 1, '成功', '2017-09-07 12:41:03', '111.242.210.62', 0),
(482, 'admin', 3, '', '2017-09-07 12:41:09', '111.242.210.62', 2),
(483, 'admin', 1, '成功', '2017-09-07 15:57:45', '111.242.210.62', 0),
(484, 'admin', 3, '', '2017-09-07 15:57:57', '111.242.210.62', 2),
(485, 'admin', 1, '成功', '2017-09-08 10:38:38', '36.234.147.246', 0),
(486, 'admin', 3, '', '2017-09-08 10:38:41', '36.234.147.246', 2),
(487, 'admin', 1, '成功', '2017-09-08 16:28:57', '36.234.147.246', 0),
(488, 'admin', 3, '', '2017-09-08 16:29:04', '36.234.147.246', 2),
(489, 'admin', 3, '排序', '2017-09-08 16:29:06', '36.234.147.246', 7),
(490, 'admin', 1, '成功', '2017-09-12 16:32:23', '111.242.233.135', 0),
(491, 'admin', 3, '', '2017-09-12 16:32:28', '111.242.233.135', 2),
(492, 'admin', 1, '成功', '2017-09-13 14:52:39', '111.242.233.135', 0),
(493, 'admin', 3, '', '2017-09-13 14:52:44', '111.242.233.135', 2),
(494, 'aadmin', 1, '登入失敗-帳密不正確', '2017-09-13 16:45:08', '111.242.233.135', 0),
(495, 'admin', 1, '成功', '2017-09-13 16:45:20', '111.242.233.135', 0),
(496, 'admin', 3, '', '2017-09-13 16:45:24', '111.242.233.135', 2),
(497, 'admin', 3, 'lala id:162', '2017-09-13 16:45:44', '111.242.233.135', 3),
(498, 'admin', 3, '1筆資料(''162'')', '2017-09-13 16:46:09', '111.242.233.135', 5),
(499, 'admin', 3, '', '2017-09-13 16:46:13', '111.242.233.135', 2),
(500, 'admin', 3, 'abc id:163', '2017-09-13 16:48:38', '111.242.233.135', 3),
(501, 'admin', 3, 'def id:164', '2017-09-13 16:48:48', '111.242.233.135', 3),
(502, 'admin', 3, '', '2017-09-13 16:50:23', '111.242.233.135', 2),
(503, 'admin', 3, '1筆資料(''10'')', '2017-09-13 16:51:07', '111.242.233.135', 5),
(504, 'admin', 3, '', '2017-09-13 16:58:04', '111.242.233.135', 2),
(505, 'admin', 1, '成功', '2017-09-13 17:00:34', '111.242.233.135', 0),
(506, 'admin', 3, '', '2017-09-13 17:01:02', '111.242.233.135', 2),
(507, 'admin', 3, '555 id:165', '2017-09-13 17:02:00', '111.242.233.135', 3),
(508, 'admin', 3, '55 id:166', '2017-09-13 17:02:11', '111.242.233.135', 3),
(509, 'admin', 3, '', '2017-09-13 17:02:15', '111.242.233.135', 2),
(510, 'admin', 3, '5 id:167', '2017-09-13 17:02:29', '111.242.233.135', 3),
(511, 'admin', 3, '1筆資料(''165'')', '2017-09-13 17:02:43', '111.242.233.135', 5),
(512, 'admin', 3, '555 id:163', '2017-09-13 17:02:55', '111.242.233.135', 4),
(513, 'admin', 3, '', '2017-09-13 17:03:12', '111.242.233.135', 2),
(514, 'admin', 1, '成功', '2017-09-13 17:10:34', '111.242.233.135', 0),
(515, 'admin', 3, '', '2017-09-13 17:10:43', '111.242.233.135', 2),
(516, 'admin', 1, '成功', '2017-09-14 09:11:10', '111.242.233.135', 0),
(517, 'admin', 3, '', '2017-09-14 09:11:45', '111.242.233.135', 2),
(518, 'admin', 1, '成功', '2017-09-14 09:13:11', '111.242.233.135', 0),
(519, 'admin', 3, '', '2017-09-14 09:13:17', '111.242.233.135', 2),
(520, 'admin', 3, '1 id:168', '2017-09-14 09:14:24', '111.242.233.135', 3),
(521, 'admin', 3, '2 id:169', '2017-09-14 09:14:30', '111.242.233.135', 3),
(522, 'admin', 1, '成功', '2017-09-14 15:59:30', '111.242.233.135', 0),
(523, 'admin', 3, '', '2017-09-14 15:59:34', '111.242.233.135', 2),
(524, 'admin', 1, '列表', '2017-09-14 16:00:29', '111.242.233.135', 2),
(525, 'admin', 1, '操作記錄', '2017-09-14 16:00:38', '111.242.233.135', 2),
(526, 'admin', 1, '成功', '2017-09-18 09:16:44', '36.234.154.37', 0),
(527, 'admin', 3, '', '2017-09-18 09:16:49', '36.234.154.37', 2),
(528, 'admin', 1, '成功', '2017-09-19 13:18:46', '36.234.154.37', 0),
(529, 'admin', 3, '', '2017-09-19 13:18:49', '36.234.154.37', 2),
(530, 'admin', 1, '成功', '2017-09-20 09:13:35', '36.234.154.37', 0),
(531, 'admin', 3, '', '2017-09-20 09:13:40', '36.234.154.37', 2),
(532, 'admin', 1, '成功', '2017-09-21 18:00:32', '36.235.135.252', 0),
(533, 'admin', 3, '', '2017-09-21 18:01:14', '36.235.135.252', 2),
(534, 'admin', 1, '成功', '2017-09-22 09:43:39', '36.235.135.252', 0),
(535, 'admin', 3, '', '2017-09-22 09:43:44', '36.235.135.252', 2),
(536, 'admin', 3, '1 id:170', '2017-09-22 09:44:11', '36.235.135.252', 3),
(537, 'admin', 3, '2 id:171', '2017-09-22 09:44:19', '36.235.135.252', 3),
(538, 'admin', 3, '', '2017-09-22 09:44:28', '36.235.135.252', 2),
(539, 'admin', 3, 'ab id:170', '2017-09-22 09:44:55', '36.235.135.252', 4),
(540, 'admin', 3, 'cde id:171', '2017-09-22 09:45:05', '36.235.135.252', 4),
(541, 'admin', 3, '', '2017-09-22 09:45:32', '36.235.135.252', 2),
(542, 'admin', 1, '操作記錄', '2017-09-22 09:47:48', '36.235.135.252', 2),
(543, 'admin', 3, '', '2017-09-22 09:48:36', '36.235.135.252', 2),
(544, 'admin', 3, '排序', '2017-09-22 09:48:42', '36.235.135.252', 7),
(545, 'admin', 1, '成功', '2017-09-22 14:09:49', '59.127.37.46', 0),
(546, 'admin', 1, '成功', '2017-09-22 14:10:27', '59.127.37.46', 0),
(547, 'admin', 1, '成功', '2017-09-22 14:11:27', '59.127.37.46', 0),
(548, 'jane', 1, '登入失敗-帳密不正確', '2017-09-22 14:11:53', '59.127.37.46', 0),
(549, 'admin', 1, '成功', '2017-09-22 14:11:59', '59.127.37.46', 0),
(550, 'admin', 1, '成功', '2017-09-22 14:14:46', '59.127.37.46', 0),
(551, 'admin', 1, '成功', '2017-09-22 14:44:28', '36.235.135.252', 0),
(552, 'admin', 1, '成功', '2017-09-22 14:44:28', '36.235.135.252', 0),
(553, 'admin', 3, '', '2017-09-22 14:44:32', '36.235.135.252', 2),
(554, 'admin', 3, '789 id:172', '2017-09-22 14:45:11', '36.235.135.252', 3),
(555, 'admin', 3, '10111 id:173', '2017-09-22 14:45:18', '36.235.135.252', 3),
(556, 'admin', 3, '', '2017-09-22 14:45:27', '36.235.135.252', 2),
(557, 'admin', 3, '', '2017-09-22 14:45:27', '36.235.135.252', 2),
(558, 'admin', 1, '成功', '2017-09-22 14:46:23', '36.235.135.252', 0),
(559, 'admin', 3, '', '2017-09-22 14:46:27', '36.235.135.252', 2),
(560, 'admin', 1, '成功', '2017-09-22 14:46:58', '36.235.135.252', 0),
(561, 'admin', 3, '', '2017-09-22 14:47:05', '36.235.135.252', 2),
(562, 'admin', 1, '成功', '2017-09-22 14:47:34', '36.235.135.252', 0),
(563, 'admin', 3, '', '2017-09-22 14:47:38', '36.235.135.252', 2),
(564, 'admin', 3, '999 id:174', '2017-09-22 14:47:45', '36.235.135.252', 3),
(565, 'admin', 3, '998 id:175', '2017-09-22 14:47:53', '36.235.135.252', 3),
(566, 'admin', 3, '1筆資料(''174'')', '2017-09-22 14:48:00', '36.235.135.252', 5),
(567, 'admin', 3, '', '2017-09-22 14:48:07', '36.235.135.252', 2),
(568, 'admin', 1, '成功', '2017-09-22 14:51:49', '59.127.37.46', 0);

-- --------------------------------------------------------

--
-- 資料表結構 `prodtype`
--

CREATE TABLE `prodtype` (
  `pt_id` int(11) NOT NULL,
  `pt_ispublic` int(1) NOT NULL DEFAULT '1',
  `pt_title` varchar(20) CHARACTER SET utf8 NOT NULL,
  `pt_pid` int(11) NOT NULL,
  `pt_pic` varchar(100) CHARACTER SET utf8 NOT NULL,
  `pt_pic2` varchar(80) CHARACTER SET utf8 NOT NULL,
  `pt_createtime` datetime NOT NULL,
  `pt_updatetime` datetime NOT NULL,
  `pt_ip` char(1) CHARACTER SET utf8 NOT NULL,
  `pt_admin` varchar(20) CHARACTER SET utf8 NOT NULL,
  `pt_ind` int(11) NOT NULL
) ENGINE=MyISAM DEFAULT CHARSET=utf8 COLLATE=utf8_unicode_ci COMMENT='產品分類';

--
-- 資料表的匯出資料 `prodtype`
--

INSERT INTO `prodtype` (`pt_id`, `pt_ispublic`, `pt_title`, `pt_pid`, `pt_pic`, `pt_pic2`, `pt_createtime`, `pt_updatetime`, `pt_ip`, `pt_admin`, `pt_ind`) VALUES
(1, 1, '美妝系列', 0, '', '', '2017-08-30 17:31:13', '2017-08-31 17:21:22', '', 'admin', 1),
(5, 1, '保養&amp;防曬', 0, '', '', '2017-08-30 17:36:22', '2017-08-31 09:49:20', '', 'admin', 6),
(6, 1, '防曬', 5, '', '', '2017-08-30 17:36:34', '2017-08-31 10:14:44', '', 'admin', 11),
(7, 1, '香水＆香氛', 0, '', '', '2017-08-30 17:36:42', '2017-08-31 11:10:08', '', 'admin', 16),
(8, 1, '香水&amp;香精', 7, '', '', '2017-08-30 17:37:00', '2017-08-31 17:16:35', '', 'admin', 21),
(79, 1, '泡麵', 14, '', '', '2017-08-31 11:14:20', '2017-08-31 14:17:17', '', 'admin', 371),
(11, 1, '3C＆家電', 0, '', '', '2017-08-30 20:18:17', '2017-08-31 10:04:18', '', 'admin', 36),
(12, 1, '手機&amp;平板', 11, '', '', '2017-08-30 20:18:27', '2017-08-31 14:30:53', '', 'admin', 41),
(13, 1, '電腦', 11, '', '', '2017-08-30 20:18:36', '2017-08-30 20:18:36', '', 'admin', 46),
(14, 1, '食品', 0, '', '', '2017-08-30 20:49:38', '2017-08-31 09:58:54', '', 'admin', 51),
(15, 1, '零食．點心', 14, '', '', '2017-08-30 20:50:09', '2017-08-31 09:59:23', '', 'admin', 56),
(38, 1, '飲品＆沖泡類', 14, '', '', '2017-08-31 09:59:48', '2017-08-31 10:10:14', '', 'admin', 166),
(27, 1, '眼線', 1, '', '', '2017-08-31 09:45:54', '2017-08-31 15:45:40', '', 'admin', 111),
(40, 1, '家常備藥', 39, '', '', '2017-08-31 10:00:13', '2017-08-31 13:47:24', '', 'admin', 176),
(20, 1, '運動休閒用品', 0, '', '', '2017-08-31 09:31:20', '2017-08-31 10:39:39', '', 'admin', 76),
(21, 1, '球鞋', 20, '', '', '2017-08-31 09:31:29', '2017-08-31 09:31:29', '', 'admin', 81),
(22, 1, '定妝', 1, '', '', '2017-08-31 09:32:49', '2017-08-31 15:44:39', '', 'admin', 86),
(23, 1, '妝前', 1, '', '', '2017-08-31 09:44:00', '2017-08-31 15:44:44', '', 'admin', 91),
(24, 1, '遮瑕', 1, '', '', '2017-08-31 09:44:18', '2017-08-31 15:44:50', '', 'admin', 96),
(25, 1, '粉底', 1, '', '', '2017-08-31 09:44:30', '2017-08-31 15:44:54', '', 'admin', 101),
(26, 1, '眉彩', 1, '', '', '2017-08-31 09:44:52', '2017-08-31 15:45:19', '', 'admin', 106),
(28, 1, '睫毛', 1, '', '', '2017-08-31 09:46:12', '2017-08-31 15:46:02', '', 'admin', 116),
(39, 1, '藥品', 0, '', '', '2017-08-31 10:00:02', '2017-08-31 10:00:02', '', 'admin', 171),
(32, 1, '眼影', 1, '', '', '2017-08-31 09:46:59', '2017-08-31 15:45:53', '', 'admin', 136),
(33, 1, '頰彩', 1, '', '', '2017-08-31 09:47:27', '2017-08-31 15:46:10', '', 'admin', 141),
(34, 1, '修容', 1, '', '', '2017-08-31 09:47:42', '2017-08-31 15:46:14', '', 'admin', 146),
(35, 1, '唇彩', 1, '', '', '2017-08-31 09:47:54', '2017-08-31 15:45:48', '', 'admin', 151),
(36, 1, '美甲', 1, '', '', '2017-08-31 09:48:08', '2017-08-31 15:46:19', '', 'admin', 156),
(153, 1, '身體保養', 0, '', '', '2017-08-31 17:21:16', '2017-08-31 17:21:36', '', 'admin', 736),
(37, 1, '面膜', 5, '', '', '2017-08-31 09:56:13', '2017-08-31 09:56:13', '', 'admin', 161),
(83, 1, '內服藥', 39, '', '', '2017-08-31 13:55:19', '2017-08-31 13:55:19', '', 'admin', 386),
(82, 1, '外用藥', 39, '', '', '2017-08-31 13:55:08', '2017-08-31 13:55:08', '', 'admin', 381),
(43, 1, '保健食品', 39, '', '', '2017-08-31 10:00:49', '2017-08-31 10:00:49', '', 'admin', 191),
(45, 1, '大型家電', 11, '', '', '2017-08-31 10:04:44', '2017-08-31 10:06:30', '', 'admin', 201),
(46, 1, '廚房家電', 11, '', '', '2017-08-31 10:06:43', '2017-08-31 10:07:09', '', 'admin', 206),
(47, 1, '生活家電', 11, '', '', '2017-08-31 10:06:56', '2017-08-31 10:06:56', '', 'admin', 211),
(48, 1, '雜貨', 0, '', '', '2017-08-31 10:07:36', '2017-08-31 10:07:36', '', 'admin', 216),
(50, 1, '生活小物', 48, '', '', '2017-08-31 10:08:07', '2017-08-31 10:08:07', '', 'admin', 226),
(140, 1, '文具用品', 139, '', '', '2017-08-31 16:02:34', '2017-08-31 16:02:34', '', 'admin', 671),
(51, 1, '嬰兒食品', 14, '', '', '2017-08-31 10:09:06', '2017-08-31 10:09:06', '', 'admin', 231),
(52, 1, '調味料&amp;罐頭食品', 14, '', '', '2017-08-31 10:11:49', '2017-08-31 14:21:18', '', 'admin', 236),
(53, 1, '洗臉', 5, '', '', '2017-08-31 10:14:22', '2017-08-31 17:02:58', '', 'admin', 241),
(54, 1, '卸妝', 5, '', '', '2017-08-31 10:14:30', '2017-08-31 10:14:30', '', 'admin', 246),
(55, 1, '化妝水', 5, '', '', '2017-08-31 10:14:56', '2017-08-31 10:14:56', '', 'admin', 251),
(56, 1, '乳液', 5, '', '', '2017-08-31 10:15:03', '2017-08-31 10:15:03', '', 'admin', 256),
(57, 1, '乳霜＆凝霜', 5, '', '', '2017-08-31 10:15:27', '2017-08-31 10:15:27', '', 'admin', 261),
(58, 1, '精華', 5, '', '', '2017-08-31 10:15:41', '2017-08-31 10:15:41', '', 'admin', 266),
(59, 1, '眼睫保養', 5, '', '', '2017-08-31 10:16:26', '2017-08-31 10:16:26', '', 'admin', 271),
(60, 1, '唇部保養', 5, '', '', '2017-08-31 10:16:34', '2017-08-31 10:16:34', '', 'admin', 276),
(61, 1, '去角質', 5, '', '', '2017-08-31 10:17:22', '2017-08-31 10:17:22', '', 'admin', 281),
(62, 1, '居家生活', 0, '', '', '2017-08-31 10:20:24', '2017-08-31 16:32:51', '', 'admin', 286),
(130, 1, 'LINE FRIENDS', 124, '', '', '2017-08-31 15:38:31', '2017-08-31 15:38:52', '', 'admin', 621),
(149, 1, '美髮系列', 0, '', '', '2017-08-31 17:14:53', '2017-08-31 17:21:49', '', 'admin', 716),
(156, 1, '收納', 62, '', '', '2017-08-31 17:34:27', '2017-08-31 17:34:27', '', 'admin', 751),
(69, 1, '潔牙用品', 62, '', '', '2017-08-31 10:26:36', '2017-08-31 10:26:36', '', 'admin', 321),
(70, 1, '美彩小物', 1, '', '', '2017-08-31 10:29:03', '2017-08-31 10:29:03', '', 'admin', 326),
(71, 1, '保養小物', 5, '', '', '2017-08-31 10:29:18', '2017-08-31 10:29:18', '', 'admin', 331),
(72, 1, '配件', 20, '', '', '2017-08-31 10:40:15', '2017-08-31 14:37:34', '', 'admin', 336),
(98, 1, '服飾', 20, '', '', '2017-08-31 14:37:58', '2017-08-31 14:37:58', '', 'admin', 461),
(74, 1, '包包', 20, '', '', '2017-08-31 10:40:28', '2017-08-31 10:40:28', '', 'admin', 346),
(75, 1, '洗衣清潔', 62, '', '', '2017-08-31 10:58:11', '2017-08-31 10:58:11', '', 'admin', 351),
(76, 1, '生理用品', 62, '', '', '2017-08-31 10:58:57', '2017-08-31 10:58:57', '', 'admin', 356),
(77, 1, '家用清潔劑', 62, '', '', '2017-08-31 10:59:33', '2017-08-31 10:59:33', '', 'admin', 361),
(78, 1, '除蟲用品', 62, '', '', '2017-08-31 10:59:46', '2017-08-31 10:59:46', '', 'admin', 366),
(152, 1, '洗潤髮用品', 149, '', '', '2017-08-31 17:20:13', '2017-08-31 17:20:13', '', 'admin', 731),
(80, 1, '眼藥水', 39, '', '', '2017-08-31 11:36:56', '2017-08-31 11:36:56', '', 'admin', 376),
(84, 1, '全身', 39, '', '', '2017-08-31 14:00:20', '2017-08-31 14:00:20', '', 'admin', 391),
(85, 1, '臉部', 39, '', '', '2017-08-31 14:00:30', '2017-08-31 14:00:30', '', 'admin', 396),
(86, 1, '頭部', 39, '', '', '2017-08-31 14:00:41', '2017-08-31 14:00:41', '', 'admin', 401),
(87, 1, '手部', 39, '', '', '2017-08-31 14:01:05', '2017-08-31 14:01:05', '', 'admin', 406),
(88, 1, '腳部', 39, '', '', '2017-08-31 14:01:28', '2017-08-31 14:01:28', '', 'admin', 411),
(89, 1, '嘴部', 39, '', '', '2017-08-31 14:02:21', '2017-08-31 14:02:21', '', 'admin', 416),
(90, 1, '私密部位', 39, '', '', '2017-08-31 14:02:38', '2017-08-31 14:02:38', '', 'admin', 421),
(91, 1, '保健用品', 39, '', '', '2017-08-31 14:10:29', '2017-08-31 14:10:29', '', 'admin', 426),
(92, 1, '寵物用品', 0, '', '', '2017-08-31 14:21:35', '2017-08-31 14:21:35', '', 'admin', 431),
(93, 1, '即時食品', 14, '', '', '2017-08-31 14:26:40', '2017-08-31 14:26:40', '', 'admin', 436),
(94, 1, '相機&amp;攝影機', 11, '', '', '2017-08-31 14:29:47', '2017-08-31 14:33:05', '', 'admin', 441),
(95, 1, '3C配件', 11, '', '', '2017-08-31 14:32:04', '2017-08-31 14:32:13', '', 'admin', 446),
(96, 1, '手機配件', 11, '', '', '2017-08-31 14:36:15', '2017-08-31 14:36:15', '', 'admin', 451),
(97, 1, '香氛用品', 7, '', '', '2017-08-31 14:37:02', '2017-08-31 14:37:02', '', 'admin', 456),
(99, 1, '服飾', 0, '', '', '2017-08-31 14:38:53', '2017-08-31 14:52:08', '', 'admin', 466),
(100, 1, '男裝', 99, '', '', '2017-08-31 14:39:13', '2017-08-31 14:39:13', '', 'admin', 471),
(101, 1, '女裝', 99, '', '', '2017-08-31 14:39:20', '2017-08-31 14:39:20', '', 'admin', 476),
(102, 1, '童裝', 99, '', '', '2017-08-31 14:39:27', '2017-08-31 14:39:27', '', 'admin', 481),
(103, 1, '鞋類', 0, '', '', '2017-08-31 14:42:38', '2017-08-31 14:46:09', '', 'admin', 486),
(104, 1, '運動男鞋', 103, '', '', '2017-08-31 14:42:48', '2017-08-31 14:46:19', '', 'admin', 491),
(105, 1, '運動女鞋', 103, '', '', '2017-08-31 14:42:56', '2017-08-31 14:46:26', '', 'admin', 496),
(106, 1, '休閒男鞋', 103, '', '', '2017-08-31 14:43:01', '2017-08-31 14:46:34', '', 'admin', 501),
(107, 1, '休閒女鞋', 103, '', '', '2017-08-31 14:46:47', '2017-08-31 14:46:47', '', 'admin', 506),
(108, 1, '男皮鞋', 103, '', '', '2017-08-31 14:47:08', '2017-08-31 14:47:08', '', 'admin', 511),
(109, 1, '時尚流行女鞋', 103, '', '', '2017-08-31 14:48:13', '2017-08-31 14:48:13', '', 'admin', 516),
(110, 1, '食品', 92, '', '', '2017-08-31 14:49:20', '2017-08-31 14:49:20', '', 'admin', 521),
(111, 1, '配件', 92, '', '', '2017-08-31 14:49:56', '2017-08-31 14:49:56', '', 'admin', 526),
(112, 1, '配飾&amp;錶', 0, '', '', '2017-08-31 14:52:15', '2017-08-31 14:52:15', '', 'admin', 531),
(113, 1, '男錶', 112, '', '', '2017-08-31 14:52:26', '2017-08-31 14:52:26', '', 'admin', 536),
(114, 1, '女錶', 112, '', '', '2017-08-31 14:52:32', '2017-08-31 14:52:32', '', 'admin', 541),
(115, 1, '耳環', 112, '', '', '2017-08-31 14:52:45', '2017-08-31 14:52:45', '', 'admin', 546),
(116, 1, '手環', 112, '', '', '2017-08-31 14:53:04', '2017-08-31 14:53:04', '', 'admin', 551),
(117, 1, '戒指', 112, '', '', '2017-08-31 14:53:10', '2017-08-31 14:53:10', '', 'admin', 556),
(118, 1, '項鍊', 112, '', '', '2017-08-31 14:53:16', '2017-08-31 14:53:16', '', 'admin', 561),
(119, 1, '髮飾', 112, '', '', '2017-08-31 14:53:37', '2017-08-31 14:53:37', '', 'admin', 566),
(120, 1, '男內著', 99, '', '', '2017-08-31 14:55:59', '2017-08-31 14:55:59', '', 'admin', 571),
(121, 1, '女內著', 99, '', '', '2017-08-31 14:56:11', '2017-08-31 14:56:11', '', 'admin', 576),
(122, 1, '泳裝', 20, '', '', '2017-08-31 14:57:09', '2017-08-31 14:57:09', '', 'admin', 581),
(123, 1, '登山&amp;露營用品', 20, '', '', '2017-08-31 14:57:52', '2017-08-31 14:57:52', '', 'admin', 586),
(124, 1, '熱門主題商品', 0, '', '', '2017-08-31 15:03:43', '2017-08-31 15:03:43', '', 'admin', 591),
(125, 1, '迪士尼系列', 124, '', '', '2017-08-31 15:03:52', '2017-08-31 15:54:13', '', 'admin', 596),
(126, 1, '環球影城系列', 124, '', '', '2017-08-31 15:05:03', '2017-08-31 15:54:21', '', 'admin', 601),
(127, 1, '卡通動漫', 124, '', '', '2017-08-31 15:07:26', '2017-08-31 15:07:26', '', 'admin', 606),
(128, 1, '玩具&amp;公仔', 0, '', '', '2017-08-31 15:11:18', '2017-08-31 15:11:18', '', 'admin', 611),
(129, 1, '眼鏡&amp;墨鏡', 112, '', '', '2017-08-31 15:16:33', '2017-08-31 15:16:33', '', 'admin', 616),
(131, 1, 'KAKAO  TALK FRIENDS', 124, '', '', '2017-08-31 15:39:55', '2017-08-31 15:39:55', '', 'admin', 626),
(157, 1, '美體保養', 153, '', '', '2017-08-31 17:41:27', '2017-08-31 17:41:27', '', 'admin', 756),
(134, 1, '伴手禮', 14, '', '', '2017-08-31 15:48:13', '2017-08-31 15:48:13', '', 'admin', 641),
(135, 1, '帽子', 112, '', '', '2017-08-31 15:53:14', '2017-08-31 15:53:14', '', 'admin', 646),
(136, 1, '三麗鷗系列', 124, '', '', '2017-08-31 15:54:01', '2017-08-31 15:54:01', '', 'admin', 651),
(137, 1, '星巴克系列', 124, '', '', '2017-08-31 15:55:33', '2017-08-31 15:55:33', '', 'admin', 656),
(138, 1, '明星周邊', 124, '', '', '2017-08-31 16:00:04', '2017-08-31 16:00:04', '', 'admin', 661),
(139, 1, '書籍&amp;文具&amp;DVD', 0, '', '', '2017-08-31 16:02:03', '2017-08-31 16:04:15', '', 'admin', 666),
(141, 1, '書籍', 139, '', '', '2017-08-31 16:02:41', '2017-08-31 16:02:41', '', 'admin', 676),
(142, 1, 'DVD&amp;CD', 139, '', '', '2017-08-31 16:03:03', '2017-08-31 16:03:03', '', 'admin', 681),
(143, 1, '廚房用具', 62, '', '', '2017-08-31 16:05:04', '2017-08-31 17:33:02', '', 'admin', 686),
(144, 1, '婦幼商品', 0, '', '', '2017-08-31 16:21:50', '2017-08-31 16:21:50', '', 'admin', 691),
(145, 1, '哺育用品', 144, '', '', '2017-08-31 16:22:27', '2017-08-31 16:22:27', '', 'admin', 696),
(146, 1, '孕婦用品', 144, '', '', '2017-08-31 16:22:45', '2017-08-31 16:22:45', '', 'admin', 701),
(147, 1, '寢具用品', 62, '', '', '2017-08-31 16:24:25', '2017-08-31 16:24:25', '', 'admin', 706),
(150, 1, '香膏', 7, '', '', '2017-08-31 17:16:42', '2017-08-31 17:16:42', '', 'admin', 721),
(151, 1, '沐浴用品', 149, '', '', '2017-08-31 17:19:53', '2017-08-31 17:19:53', '', 'admin', 726),
(154, 1, '護髮用品', 149, '', '', '2017-08-31 17:23:02', '2017-08-31 17:23:02', '', 'admin', 741),
(155, 1, '染劑&amp;造型品', 149, '', '', '2017-08-31 17:23:19', '2017-08-31 17:23:19', '', 'admin', 746),
(158, 1, '手部保養', 153, '', '', '2017-08-31 17:41:38', '2017-08-31 17:41:38', '', 'admin', 761),
(159, 1, '腿足保養', 153, '', '', '2017-08-31 17:41:52', '2017-08-31 17:41:52', '', 'admin', 766),
(160, 1, '其他部位保養', 153, '', '', '2017-08-31 17:42:10', '2017-08-31 17:42:10', '', 'admin', 771),
(161, 1, '爽身制汗', 153, '', '', '2017-08-31 17:46:25', '2017-08-31 17:46:25', '', 'admin', 776),
(163, 1, '555', 0, '', '', '2017-09-13 16:48:38', '2017-09-13 17:02:55', '', 'admin', 781),
(164, 1, 'def', 163, '', '', '2017-09-13 16:48:48', '2017-09-13 16:49:46', '', 'admin', 786),
(168, 1, '1', 0, '', '', '2017-09-14 09:14:24', '2017-09-14 09:14:24', '', 'admin', 806),
(166, 1, '55', 165, '', '', '2017-09-13 17:02:11', '2017-09-13 17:02:11', '', 'admin', 796),
(167, 1, '5', 165, '', '', '2017-09-13 17:02:29', '2017-09-13 17:02:29', '', 'admin', 801),
(169, 1, '2', 168, '', '', '2017-09-14 09:14:30', '2017-09-14 09:14:30', '', 'admin', 811),
(170, 1, 'ab', 0, '', '', '2017-09-22 09:44:11', '2017-09-22 09:44:55', '', 'admin', 816),
(171, 1, 'cde', 170, '', '', '2017-09-22 09:44:19', '2017-09-22 09:45:22', '', 'admin', 821),
(172, 1, '789', 0, '', '', '2017-09-22 14:45:11', '2017-09-22 14:45:11', '', 'admin', 826),
(173, 1, '10111', 172, '', '', '2017-09-22 14:45:18', '2017-09-22 14:45:18', '', 'admin', 831),
(175, 1, '998', 174, '', '', '2017-09-22 14:47:53', '2017-09-22 14:47:53', '', 'admin', 841);

-- --------------------------------------------------------

--
-- 資料表結構 `product`
--

CREATE TABLE `product` (
  `p_id` int(11) NOT NULL,
  `p_country` varchar(30) COLLATE utf8_unicode_ci NOT NULL,
  `p_type` varchar(100) CHARACTER SET utf8 NOT NULL,
  `p_brand` varchar(20) CHARACTER SET utf8 NOT NULL,
  `p_title` varchar(100) CHARACTER SET utf8 NOT NULL,
  `p_price1` varchar(30) COLLATE utf8_unicode_ci NOT NULL DEFAULT '0',
  `p_price2` int(11) NOT NULL,
  `p_conversion_price` int(11) NOT NULL,
  `p_purchase_price` int(11) NOT NULL,
  `p_spreads` int(11) NOT NULL,
  `p_size` varchar(50) COLLATE utf8_unicode_ci NOT NULL,
  `p_color` varchar(50) COLLATE utf8_unicode_ci NOT NULL,
  `p_origin` varchar(50) COLLATE utf8_unicode_ci NOT NULL,
  `p_content` longtext CHARACTER SET utf8 NOT NULL,
  `p_expiration_date` varchar(50) COLLATE utf8_unicode_ci NOT NULL,
  `p_buyplace` varchar(100) COLLATE utf8_unicode_ci NOT NULL,
  `p_business_hours` varchar(80) COLLATE utf8_unicode_ci NOT NULL,
  `p_remarks` text COLLATE utf8_unicode_ci NOT NULL,
  `p_pic` varchar(100) CHARACTER SET utf8 NOT NULL,
  `p_ip` char(1) CHARACTER SET utf8 NOT NULL,
  `p_ispublic` int(1) NOT NULL DEFAULT '1',
  `p_admin` varchar(20) CHARACTER SET utf8 NOT NULL,
  `p_ind` int(11) NOT NULL,
  `p_updatetime` datetime NOT NULL,
  `p_createtime` datetime NOT NULL
) ENGINE=MyISAM DEFAULT CHARSET=utf8 COLLATE=utf8_unicode_ci COMMENT='產品';

--
-- 資料表的匯出資料 `product`
--

INSERT INTO `product` (`p_id`, `p_country`, `p_type`, `p_brand`, `p_title`, `p_price1`, `p_price2`, `p_conversion_price`, `p_purchase_price`, `p_spreads`, `p_size`, `p_color`, `p_origin`, `p_content`, `p_expiration_date`, `p_buyplace`, `p_business_hours`, `p_remarks`, `p_pic`, `p_ip`, `p_ispublic`, `p_admin`, `p_ind`, `p_updatetime`, `p_createtime`) VALUES
(2, 'kr', '8', '', 'tewt', 'usd', 0, 0, 0, 0, '', '', '', '', '2017-08-30', '', '', '', '6f2db124285c33ac9df1484545ef742e.jpg', ':', 1, 'admin', 11, '2017-08-30 18:32:13', '2017-08-30 18:12:33'),
(4, 'kr', '15', 'Jerry Block', '積木軟糖Jerry Block', 'usd', 2, 45, 80, 35, '積木軟糖Jerry Block內有5種軟糖，分別是1x2、1x3、2x2、2x3積木以及人偶版本。', '', 'KOREA', '這積木軟糖Jerry Block內有5種軟糖，分別是1x2、1x3、2x2、2x3積木以及人偶版本。口味也有所不同，橘色的1x2口味是橘子，個人覺得最不好吃，而且太小口感不好Orz。白色1x3是甜甜的荔枝，口味不錯且一口吃剛剛好。紫色的方塊2x2，猜也知道是葡萄口味，有嚼勁味道也很香。最大塊的2x3是芒果口味，口感僅次於葡萄。最後則是人偶形狀的蘋果口味，還沒吃的時候覺得應該最好玩，畢竟是人偶，但拿到才發現，這人偶還真醜...，連樂拚都不如(咦)。', '2017-12-31', '明洞-超商', '24小時', '包裝還滿棒的，看起來顏色很漂亮，不過不是樂高原廠授權的就是了啦', '21d32a51170950f627ee6e8ce9922584.jpg', '6', 1, 'admin', 41, '2017-08-30 20:52:50', '2017-08-30 20:52:50'),
(5, 'ja', '35', 'DHC', 'DHC純欖護唇膏', 'jpy', 756, 207, 0, 0, '', '', '', '<span 12pt="" style="margin: 0px; font-family: ">熱銷人氣</span><span 12pt="" lang="EN-US" style="margin: 0px; font-family: ">DHC </span><span 12pt="" style="margin: 0px; font-family: ">純欖護唇膏，豐富橄欖油給與雙唇所需之營養與潤澤，長時間保持雙唇水嫩建康。</span>', '1970-01-01', '東京-藥妝', '', '**', 'f788ebd5cd639a979b9266d1863c5293.PNG', '3', 1, 'admin', 36, '2017-08-31 09:56:48', '2017-08-31 09:36:33'),
(6, 'kr', '21', 'Reebok', 'Reebok- CLUB C 85', 'usd', 85, 0, 500, 800, '220~290', 'White / Grey', '美國', '', '', '明洞ABC MART', '10:00-22:00', '', '2e424abf2199ec23ce5b753c44622316.JPG', '3', 1, 'admin', 31, '2017-08-31 09:38:06', '2017-08-31 09:38:06'),
(7, 'kr', '22', 'Innisfree', 'Innisfree 涼感礦物控油蜜粉', '', 5000, 134, 0, 0, '5g', '', '韓國', '打造全天候嫩白肌膚的控油蜜粉<span>&nbsp;</span><br style="margin: 0px; padding: 0px;" />\r\n<br style="margin: 0px; padding: 0px;" />\r\n1.雙重控油系統<span>&nbsp;</span><br style="margin: 0px; padding: 0px;" />\r\n- 皮脂吸附粉，親油性粉顆粒，可以講肌膚表面的皮脂吸收乾淨<span>&nbsp;</span><br style="margin: 0px; padding: 0px;" />\r\n- 天然礦物質皮脂調節粉：超強吸油力的粉顆粒，可以快速吸收大量油脂<span>&nbsp;</span><br style="margin: 0px; padding: 0px;" />\r\n<br style="margin: 0px; padding: 0px;" />\r\n2.含濟州天然礦物質和天然薄荷成分，平衡肌膚的油水分<span>&nbsp;</span><br style="margin: 0px; padding: 0px;" />\r\n- 天然礦物質薄荷成分可以調節水油平衡，讓肌膚自然乾爽。\r\n<ul class="picto" style="margin: 20px 0px 0px; padding: 0px; list-style: none; overflow: hidden; color: rgb(172, 172, 172); font-family: 新宋体; font-size: 12px; font-style: normal; font-variant-ligatures: normal; font-variant-caps: normal; font-weight: normal; letter-spacing: normal; orphans: 2; text-align: start; text-indent: 0px; text-transform: none; white-space: normal; widows: 2; word-spacing: 0px; -webkit-text-stroke-width: 0px; text-decoration-style: initial; text-decoration-color: initial;">\r\n</ul>', '1970-01-01', '韓國', '', '', '72171500adf3671ebf2340ba2ae7b14c.jpg', '3', 1, 'admin', 26, '2017-08-31 09:55:08', '2017-08-31 09:42:25'),
(9, 'ja', '15', '', '呼吸巧克力-可可亞', 'jpy', 2200, 616, 640, 0, '500g', '', '日本', '<img alt="" src="upload/editor/77d276b2974b0b8cfa3e13ee711c788f.jpg" />', '1970-01-01', '', '', '', '81783fe756a89c9b7133ce3f5da37f94.png', '3', 1, 'admin', 6, '2017-08-31 13:10:43', '2017-08-31 09:45:35'),
(11, 'tw', '22', 'BOSS', 'google', 'usd', 100, 3000, 4500, 1500, 'unknown', 'color', 'unknown', 'unknown', '2017-09-02', 'unknown', 'unknown', 'unknown', 'd060526227649e44b8c76f160d1000ea.png', '3', 0, 'admin', 21, '2017-09-01 09:30:52', '2017-09-01 09:24:56');

--
-- 已匯出資料表的索引
--

--
-- 資料表索引 `925_ad`
--
ALTER TABLE `925_ad`
  ADD PRIMARY KEY (`ad_id`);

--
-- 資料表索引 `925_admin`
--
ALTER TABLE `925_admin`
  ADD PRIMARY KEY (`admin_id`),
  ADD KEY `admin_id` (`admin_id`),
  ADD KEY `admin_account` (`admin_account`),
  ADD KEY `admin_is_show` (`admin_is_show`),
  ADD KEY `admin_level` (`admin_level`);

--
-- 資料表索引 `925_banner`
--
ALTER TABLE `925_banner`
  ADD PRIMARY KEY (`banner_id`);

--
-- 資料表索引 `925_bonus`
--
ALTER TABLE `925_bonus`
  ADD PRIMARY KEY (`bonus_id`),
  ADD KEY `bonus_id` (`bonus_id`),
  ADD KEY `bonus_member_id` (`bonus_member_id`);

--
-- 資料表索引 `925_disclaimer`
--
ALTER TABLE `925_disclaimer`
  ADD PRIMARY KEY (`disclaimer_id`);

--
-- 資料表索引 `925_fproduct`
--
ALTER TABLE `925_fproduct`
  ADD PRIMARY KEY (`fproduct_id`),
  ADD KEY `fproduct_id` (`fproduct_id`),
  ADD KEY `fproduct_product_id` (`fproduct_product_id`),
  ADD KEY `fproduct_member_id` (`fproduct_member_id`);

--
-- 資料表索引 `925_freight`
--
ALTER TABLE `925_freight`
  ADD PRIMARY KEY (`freight_id`);

--
-- 資料表索引 `925_fshop`
--
ALTER TABLE `925_fshop`
  ADD PRIMARY KEY (`fshop_id`),
  ADD KEY `fshop_id` (`fshop_id`),
  ADD KEY `fshop_shop_id` (`fshop_shop_id`),
  ADD KEY `fshop_member_id` (`fshop_member_id`);

--
-- 資料表索引 `925_log`
--
ALTER TABLE `925_log`
  ADD PRIMARY KEY (`log_id`);

--
-- 資料表索引 `925_member`
--
ALTER TABLE `925_member`
  ADD PRIMARY KEY (`member_id`),
  ADD KEY `member_id` (`member_id`),
  ADD KEY `member_is_show` (`member_is_show`),
  ADD KEY `member_account` (`member_account`),
  ADD KEY `member_fb_id` (`member_fb_id`);

--
-- 資料表索引 `925_meta`
--
ALTER TABLE `925_meta`
  ADD PRIMARY KEY (`meta_id`);

--
-- 資料表索引 `925_order`
--
ALTER TABLE `925_order`
  ADD PRIMARY KEY (`order_id`);

--
-- 資料表索引 `925_orderdetail`
--
ALTER TABLE `925_orderdetail`
  ADD PRIMARY KEY (`orderdetail_id`);

--
-- 資料表索引 `925_ordersno`
--
ALTER TABLE `925_ordersno`
  ADD PRIMARY KEY (`ordersno_id`);

--
-- 資料表索引 `925_privacy`
--
ALTER TABLE `925_privacy`
  ADD PRIMARY KEY (`privacy_id`);

--
-- 資料表索引 `925_product`
--
ALTER TABLE `925_product`
  ADD PRIMARY KEY (`product_id`),
  ADD KEY `product_id` (`product_id`),
  ADD KEY `product_ptype2_id` (`product_ptype2_id`),
  ADD KEY `product_shop_id` (`product_shop_id`),
  ADD KEY `product_sno` (`product_sno`),
  ADD KEY `product_is_hot` (`product_is_hot`),
  ADD KEY `product_is_like` (`product_is_like`),
  ADD KEY `product_is_index` (`product_is_index`),
  ADD KEY `product_is_top` (`product_is_top`),
  ADD KEY `product_is_show` (`product_is_show`);

--
-- 資料表索引 `925_ptype1`
--
ALTER TABLE `925_ptype1`
  ADD PRIMARY KEY (`ptype1_id`),
  ADD KEY `ptype1_id` (`ptype1_id`),
  ADD KEY `ptype1_is_show` (`ptype1_is_show`);

--
-- 資料表索引 `925_ptype2`
--
ALTER TABLE `925_ptype2`
  ADD PRIMARY KEY (`ptype2_id`),
  ADD KEY `ptype2_id` (`ptype2_id`),
  ADD KEY `ptype2_ptype1_id` (`ptype2_ptype1_id`),
  ADD KEY `ptype2_is_show` (`ptype2_is_show`);

--
-- 資料表索引 `925_qa`
--
ALTER TABLE `925_qa`
  ADD PRIMARY KEY (`qa_id`);

--
-- 資料表索引 `925_store`
--
ALTER TABLE `925_store`
  ADD PRIMARY KEY (`store_id`),
  ADD KEY `admin_id` (`store_id`),
  ADD KEY `admin_account` (`store_account`),
  ADD KEY `admin_is_show` (`store_is_show`),
  ADD KEY `admin_level` (`store_level`);

--
-- 資料表索引 `925_store_log`
--
ALTER TABLE `925_store_log`
  ADD PRIMARY KEY (`slog_id`);

--
-- 資料表索引 `925_terms`
--
ALTER TABLE `925_terms`
  ADD PRIMARY KEY (`terms_id`);

--
-- 資料表索引 `925_used_bonus`
--
ALTER TABLE `925_used_bonus`
  ADD PRIMARY KEY (`ubonus_id`);

--
-- 資料表索引 `admin`
--
ALTER TABLE `admin`
  ADD PRIMARY KEY (`id`),
  ADD UNIQUE KEY `email` (`email`),
  ADD UNIQUE KEY `username` (`username`),
  ADD UNIQUE KEY `mid` (`mid`);

--
-- 資料表索引 `admin_log`
--
ALTER TABLE `admin_log`
  ADD PRIMARY KEY (`id`);

--
-- 資料表索引 `prodtype`
--
ALTER TABLE `prodtype`
  ADD PRIMARY KEY (`pt_id`);

--
-- 資料表索引 `product`
--
ALTER TABLE `product`
  ADD PRIMARY KEY (`p_id`);

--
-- 在匯出的資料表使用 AUTO_INCREMENT
--

--
-- 使用資料表 AUTO_INCREMENT `925_ad`
--
ALTER TABLE `925_ad`
  MODIFY `ad_id` int(11) NOT NULL AUTO_INCREMENT, AUTO_INCREMENT=7;
--
-- 使用資料表 AUTO_INCREMENT `925_admin`
--
ALTER TABLE `925_admin`
  MODIFY `admin_id` int(11) NOT NULL AUTO_INCREMENT, AUTO_INCREMENT=15;
--
-- 使用資料表 AUTO_INCREMENT `925_banner`
--
ALTER TABLE `925_banner`
  MODIFY `banner_id` int(11) NOT NULL AUTO_INCREMENT, AUTO_INCREMENT=7;
--
-- 使用資料表 AUTO_INCREMENT `925_bonus`
--
ALTER TABLE `925_bonus`
  MODIFY `bonus_id` int(11) NOT NULL AUTO_INCREMENT, AUTO_INCREMENT=41;
--
-- 使用資料表 AUTO_INCREMENT `925_disclaimer`
--
ALTER TABLE `925_disclaimer`
  MODIFY `disclaimer_id` int(11) NOT NULL AUTO_INCREMENT, AUTO_INCREMENT=2;
--
-- 使用資料表 AUTO_INCREMENT `925_fproduct`
--
ALTER TABLE `925_fproduct`
  MODIFY `fproduct_id` int(11) NOT NULL AUTO_INCREMENT, AUTO_INCREMENT=56;
--
-- 使用資料表 AUTO_INCREMENT `925_freight`
--
ALTER TABLE `925_freight`
  MODIFY `freight_id` int(11) NOT NULL AUTO_INCREMENT, AUTO_INCREMENT=5;
--
-- 使用資料表 AUTO_INCREMENT `925_fshop`
--
ALTER TABLE `925_fshop`
  MODIFY `fshop_id` int(11) NOT NULL AUTO_INCREMENT, AUTO_INCREMENT=28;
--
-- 使用資料表 AUTO_INCREMENT `925_log`
--
ALTER TABLE `925_log`
  MODIFY `log_id` int(11) NOT NULL AUTO_INCREMENT, AUTO_INCREMENT=154;
--
-- 使用資料表 AUTO_INCREMENT `925_member`
--
ALTER TABLE `925_member`
  MODIFY `member_id` int(11) NOT NULL AUTO_INCREMENT, AUTO_INCREMENT=34;
--
-- 使用資料表 AUTO_INCREMENT `925_meta`
--
ALTER TABLE `925_meta`
  MODIFY `meta_id` int(11) NOT NULL AUTO_INCREMENT, AUTO_INCREMENT=2;
--
-- 使用資料表 AUTO_INCREMENT `925_order`
--
ALTER TABLE `925_order`
  MODIFY `order_id` int(11) NOT NULL AUTO_INCREMENT, AUTO_INCREMENT=44;
--
-- 使用資料表 AUTO_INCREMENT `925_orderdetail`
--
ALTER TABLE `925_orderdetail`
  MODIFY `orderdetail_id` int(11) NOT NULL AUTO_INCREMENT, AUTO_INCREMENT=48;
--
-- 使用資料表 AUTO_INCREMENT `925_ordersno`
--
ALTER TABLE `925_ordersno`
  MODIFY `ordersno_id` int(11) NOT NULL AUTO_INCREMENT, AUTO_INCREMENT=9;
--
-- 使用資料表 AUTO_INCREMENT `925_privacy`
--
ALTER TABLE `925_privacy`
  MODIFY `privacy_id` int(11) NOT NULL AUTO_INCREMENT, AUTO_INCREMENT=2;
--
-- 使用資料表 AUTO_INCREMENT `925_product`
--
ALTER TABLE `925_product`
  MODIFY `product_id` int(11) NOT NULL AUTO_INCREMENT, AUTO_INCREMENT=28;
--
-- 使用資料表 AUTO_INCREMENT `925_ptype1`
--
ALTER TABLE `925_ptype1`
  MODIFY `ptype1_id` int(11) NOT NULL AUTO_INCREMENT, AUTO_INCREMENT=14;
--
-- 使用資料表 AUTO_INCREMENT `925_ptype2`
--
ALTER TABLE `925_ptype2`
  MODIFY `ptype2_id` int(11) NOT NULL AUTO_INCREMENT, AUTO_INCREMENT=18;
--
-- 使用資料表 AUTO_INCREMENT `925_qa`
--
ALTER TABLE `925_qa`
  MODIFY `qa_id` int(11) NOT NULL AUTO_INCREMENT, AUTO_INCREMENT=2;
--
-- 使用資料表 AUTO_INCREMENT `925_store`
--
ALTER TABLE `925_store`
  MODIFY `store_id` int(11) NOT NULL AUTO_INCREMENT, AUTO_INCREMENT=4;
--
-- 使用資料表 AUTO_INCREMENT `925_store_log`
--
ALTER TABLE `925_store_log`
  MODIFY `slog_id` int(11) NOT NULL AUTO_INCREMENT, AUTO_INCREMENT=69;
--
-- 使用資料表 AUTO_INCREMENT `925_terms`
--
ALTER TABLE `925_terms`
  MODIFY `terms_id` int(11) NOT NULL AUTO_INCREMENT, AUTO_INCREMENT=2;
--
-- 使用資料表 AUTO_INCREMENT `925_used_bonus`
--
ALTER TABLE `925_used_bonus`
  MODIFY `ubonus_id` int(11) NOT NULL AUTO_INCREMENT, AUTO_INCREMENT=3;
--
-- 使用資料表 AUTO_INCREMENT `admin`
--
ALTER TABLE `admin`
  MODIFY `id` int(11) NOT NULL AUTO_INCREMENT, AUTO_INCREMENT=23;
--
-- 使用資料表 AUTO_INCREMENT `admin_log`
--
ALTER TABLE `admin_log`
  MODIFY `id` int(11) NOT NULL AUTO_INCREMENT, AUTO_INCREMENT=569;
--
-- 使用資料表 AUTO_INCREMENT `prodtype`
--
ALTER TABLE `prodtype`
  MODIFY `pt_id` int(11) NOT NULL AUTO_INCREMENT, AUTO_INCREMENT=176;
--
-- 使用資料表 AUTO_INCREMENT `product`
--
ALTER TABLE `product`
  MODIFY `p_id` int(11) NOT NULL AUTO_INCREMENT, AUTO_INCREMENT=12;
/*!40101 SET CHARACTER_SET_CLIENT=@OLD_CHARACTER_SET_CLIENT */;
/*!40101 SET CHARACTER_SET_RESULTS=@OLD_CHARACTER_SET_RESULTS */;
/*!40101 SET COLLATION_CONNECTION=@OLD_COLLATION_CONNECTION */;
