-- phpMyAdmin SQL Dump
-- version 3.5.7
-- http://www.phpmyadmin.net
--
-- 主机: localhost
-- 生成日期: 2016 年 04 月 13 日 11:34
-- 服务器版本: 5.5.45-cll-lve
-- PHP 版本: 5.2.17

SET SQL_MODE="NO_AUTO_VALUE_ON_ZERO";
SET time_zone = "+00:00";


/*!40101 SET @OLD_CHARACTER_SET_CLIENT=@@CHARACTER_SET_CLIENT */;
/*!40101 SET @OLD_CHARACTER_SET_RESULTS=@@CHARACTER_SET_RESULTS */;
/*!40101 SET @OLD_COLLATION_CONNECTION=@@COLLATION_CONNECTION */;
/*!40101 SET NAMES utf8 */;

--
-- 数据库: `codercom_925`
--

-- --------------------------------------------------------

--
-- 表的结构 `925_ad`
--

CREATE TABLE IF NOT EXISTS `925_ad` (
  `ad_id` int(11) NOT NULL AUTO_INCREMENT,
  `ad_ind` int(11) NOT NULL,
  `ad_pic` varchar(35) COLLATE utf8_unicode_ci NOT NULL,
  `ad_link` varchar(255) COLLATE utf8_unicode_ci NOT NULL,
  `ad_is_show` int(11) NOT NULL,
  `ad_manager` varchar(15) COLLATE utf8_unicode_ci NOT NULL,
  `ad_create_time` datetime NOT NULL,
  `ad_update_time` datetime NOT NULL,
  PRIMARY KEY (`ad_id`)
) ENGINE=MyISAM  DEFAULT CHARSET=utf8 COLLATE=utf8_unicode_ci COMMENT='首頁廣告' AUTO_INCREMENT=7 ;

--
-- 转存表中的数据 `925_ad`
--

INSERT INTO `925_ad` (`ad_id`, `ad_ind`, `ad_pic`, `ad_link`, `ad_is_show`, `ad_manager`, `ad_create_time`, `ad_update_time`) VALUES
(1, 6, '1449473576.jpg', 'http://tw.yahoo.com', 1, 'admin', '2015-11-09 12:42:24', '2015-12-07 15:32:57'),
(2, 11, '1449473587.jpg', 'http://google.com', 1, 'admin', '2015-11-09 12:42:51', '2015-12-07 15:33:08'),
(3, 16, '1449473561.jpg', 'http://hinet.net', 1, 'admin', '2015-11-16 14:23:20', '2015-12-07 15:32:43'),
(4, 21, '1449473596.jpg', '/', 1, 'admin', '2015-12-07 15:33:24', '2015-12-07 15:33:24');

-- --------------------------------------------------------

--
-- 表的结构 `925_admin`
--

CREATE TABLE IF NOT EXISTS `925_admin` (
  `admin_id` int(11) NOT NULL AUTO_INCREMENT,
  `admin_ind` int(11) NOT NULL,
  `admin_token_id` varchar(100) COLLATE utf8_unicode_ci NOT NULL,
  `admin_account` varchar(15) COLLATE utf8_unicode_ci NOT NULL,
  `admin_password` varchar(40) COLLATE utf8_unicode_ci NOT NULL,
  `admin_name` varchar(30) COLLATE utf8_unicode_ci NOT NULL,
  `admin_mobile` varchar(20) COLLATE utf8_unicode_ci NOT NULL,
  `admin_phone` varchar(20) COLLATE utf8_unicode_ci NOT NULL,
  `admin_email` varchar(255) COLLATE utf8_unicode_ci NOT NULL,
  `admin_spic` varchar(35) COLLATE utf8_unicode_ci NOT NULL,
  `admin_bpic` varchar(35) COLLATE utf8_unicode_ci NOT NULL,
  `admin_is_show` int(11) NOT NULL,
  `admin_is_admin` int(11) NOT NULL,
  `admin_auth` int(11) NOT NULL,
  `admin_login_time` datetime NOT NULL,
  `admin_ip` varchar(15) COLLATE utf8_unicode_ci NOT NULL,
  `admin_manager` varchar(15) COLLATE utf8_unicode_ci NOT NULL,
  `admin_create_time` datetime NOT NULL,
  `admin_update_time` datetime NOT NULL,
  `admin_level` int(11) NOT NULL,
  PRIMARY KEY (`admin_id`),
  KEY `admin_id` (`admin_id`),
  KEY `admin_account` (`admin_account`),
  KEY `admin_is_show` (`admin_is_show`),
  KEY `admin_level` (`admin_level`)
) ENGINE=MyISAM  DEFAULT CHARSET=utf8 COLLATE=utf8_unicode_ci COMMENT='管理者/店家' AUTO_INCREMENT=14 ;

--
-- 转存表中的数据 `925_admin`
--

INSERT INTO `925_admin` (`admin_id`, `admin_ind`, `admin_token_id`, `admin_account`, `admin_password`, `admin_name`, `admin_mobile`, `admin_phone`, `admin_email`, `admin_spic`, `admin_bpic`, `admin_is_show`, `admin_is_admin`, `admin_auth`, `admin_login_time`, `admin_ip`, `admin_manager`, `admin_create_time`, `admin_update_time`, `admin_level`) VALUES
(1, 1, '', 'coder', '20733d25b68ce72a722c679c734ae04a076a9c56', 'coder', '', '0422607680', 'cully@coder.com.tw', '', '', 1, 1, 0, '0000-00-00 00:00:00', '', 'coder', '2015-10-28 00:00:00', '2015-10-28 00:00:00', 99),
(2, 6, '14460242703qc7k4neinr5aq2005adri146045747971467aaaacf21ece943bcea', 'admin', 'dd94709528bb1c83d08f3088d4043f4742891f4f', 'admin', '', '88888888', 'admin@admin.com', '', '1446799218.jpg', 1, 1, 0, '2016-04-12 18:37:59', '59.127.37.46', 'admin', '2015-10-28 00:00:00', '2015-11-06 16:41:07', 1),
(3, 11, '058390db6348f9b3995758061ee35145144679644962jljloeov4r35obbf3oi0f', 'test', 'f7c3bc1d808e04732adf679965ccc34ca7ae3441', 'test', '099999999', '66666666', 'test@test.com', '', '1446795362.jpg', 1, 0, 1, '2015-11-06 15:54:09', '::1', 'admin', '0000-00-00 00:00:00', '2015-11-06 15:36:04', 1),
(11, 51, '9f5ce95471d8ef241d08a7f6f4acde831453348660f6eedd1a68044d9ec6d2b1e', 'pin', '7c4a8d09ca3762af61e59520943dc26494f8941b', 'pin', '0900000000', '0900000000', 'pin@coder.com.tw', '1452592278.jpg', '1452592281.jpg', 1, 0, 64, '2016-01-21 11:57:40', '59.127.37.46', 'admin', '2016-01-12 17:51:22', '2016-01-12 18:17:29', 2),
(6, 26, '319d9f6477308f64f445cee86da8aad014525853447599252db8bb336a40354d2', 'test3', 'f7c3bc1d808e04732adf679965ccc34ca7ae3441', 'test3', '0988888888', '66666666', 'test3@test.com', '1447334194.jpg', '1447334201.jpg', 1, 0, 64, '2016-01-12 15:55:44', '59.127.37.46', 'admin', '2015-11-12 21:16:44', '2015-11-18 10:42:27', 2),
(10, 46, '7e7132f7044877ea941c50c1511695a2', '9buy', '6d3b0ff49f8975c5bbdb2b27fa53c703f08114e8', '9buy', '0935736993', '02-22643871', 'maci@livemail.tw', '1449472692.jpg', '1449472699.jpg', 1, 0, 127, '0000-00-00 00:00:00', '', 'admin', '2015-12-07 15:18:23', '2015-12-07 15:44:13', 2),
(8, 36, '28757115a3e6267bda0cd83545714227', 'test11', 'f7c3bc1d808e04732adf679965ccc34ca7ae3441', 'test11', '', '', 'aa@cc.com', '', '1449130507.jpg', 1, 0, 60, '0000-00-00 00:00:00', '', 'admin', '2015-12-03 16:15:11', '2015-12-03 16:15:27', 1),
(9, 41, 'e2eacb534073d65f786d8d823e895c661453348760f6eedd1a68044d9ec6d2b1e', 'cat', '7c4a8d09ca3762af61e59520943dc26494f8941b', 'cat33', '', '', 'richard@coder.com.tw', '1452594780.jpg', '1449218268.jpg', 1, 0, 64, '2016-01-21 11:59:20', '59.127.37.46', 'admin', '2015-12-04 16:37:53', '2016-01-21 11:59:08', 2);

-- --------------------------------------------------------

--
-- 表的结构 `925_banner`
--

CREATE TABLE IF NOT EXISTS `925_banner` (
  `banner_id` int(11) NOT NULL AUTO_INCREMENT,
  `banner_ind` int(11) NOT NULL,
  `banner_pic` varchar(35) COLLATE utf8_unicode_ci NOT NULL,
  `banner_link` varchar(255) COLLATE utf8_unicode_ci NOT NULL,
  `banner_is_show` int(11) NOT NULL,
  `banner_manager` varchar(15) COLLATE utf8_unicode_ci NOT NULL,
  `banner_create_time` datetime NOT NULL,
  `banner_update_time` datetime NOT NULL,
  PRIMARY KEY (`banner_id`)
) ENGINE=MyISAM  DEFAULT CHARSET=utf8 COLLATE=utf8_unicode_ci COMMENT='BANNER' AUTO_INCREMENT=7 ;

--
-- 转存表中的数据 `925_banner`
--

INSERT INTO `925_banner` (`banner_id`, `banner_ind`, `banner_pic`, `banner_link`, `banner_is_show`, `banner_manager`, `banner_create_time`, `banner_update_time`) VALUES
(1, 16, '1447041722.jpg', '', 1, 'admin', '2015-11-09 12:02:06', '2015-11-09 12:02:06'),
(2, 21, '1449473549.jpg', 'http://www.yahoo.com.tw', 1, 'admin', '2015-11-09 12:02:35', '2015-12-22 11:09:53'),
(6, 11, '1453346624.jpg', '', 1, 'admin', '2016-01-21 11:23:45', '2016-01-21 11:23:45');

-- --------------------------------------------------------

--
-- 表的结构 `925_bonus`
--

CREATE TABLE IF NOT EXISTS `925_bonus` (
  `bonus_id` int(11) NOT NULL AUTO_INCREMENT,
  `bonus_order_sno` varchar(20) COLLATE utf8_unicode_ci NOT NULL,
  `bonus_member_id` int(11) NOT NULL,
  `bonus_bonus` int(11) NOT NULL,
  `bonus_comment` varchar(255) COLLATE utf8_unicode_ci NOT NULL,
  `bonus_type` int(11) NOT NULL DEFAULT '1',
  `bonus_is_use` int(11) NOT NULL,
  `bonus_create_time` datetime NOT NULL,
  PRIMARY KEY (`bonus_id`),
  KEY `bonus_id` (`bonus_id`),
  KEY `bonus_member_id` (`bonus_member_id`)
) ENGINE=InnoDB  DEFAULT CHARSET=utf8 COLLATE=utf8_unicode_ci COMMENT='購物金紅利' AUTO_INCREMENT=36 ;

--
-- 转存表中的数据 `925_bonus`
--

INSERT INTO `925_bonus` (`bonus_id`, `bonus_order_sno`, `bonus_member_id`, `bonus_bonus`, `bonus_comment`, `bonus_type`, `bonus_is_use`, `bonus_create_time`) VALUES
(1, '', 1, 3, '購物', 1, 0, '2015-12-07 14:47:27'),
(2, '', 1, 5, '購物', 1, 0, '2015-12-07 14:51:02'),
(3, '', 1, 50, '購物', 1, 0, '2015-12-07 14:51:36'),
(4, '', 1, 2, '購物', 1, 0, '2016-01-12 15:22:14'),
(5, '', 1, 5, '購物', 1, 0, '2016-01-12 15:41:27'),
(6, '', 1, 2, '購物', 1, 0, '2016-01-12 15:48:49'),
(7, '', 1, 4, '購物', 1, 0, '2016-01-12 15:57:53'),
(8, '', 27, 2, '購物', 1, 0, '2016-01-12 16:31:20'),
(9, '', 27, 2, '購物', 1, 0, '2016-01-12 16:35:05'),
(10, '', 27, 52, '購物', 1, 1, '2016-01-12 16:56:08'),
(11, '', 27, 70, '購物', 1, 1, '2016-01-12 17:18:21'),
(12, '', 27, 30, '購物', 1, 1, '2016-01-12 17:18:36'),
(13, '', 27, 11, '購物', 1, 1, '2016-01-12 17:20:24'),
(14, '', 27, 5, '購物', 1, 1, '2016-01-12 17:21:15'),
(15, '', 27, 50, '購物', 1, 1, '2016-01-12 17:27:33'),
(16, '', 27, 999, '購物', 1, 1, '2016-01-12 18:23:50'),
(17, '', 27, 999, '購物', 1, 1, '2016-01-12 18:25:00'),
(18, '', 27, 999, '購物', 1, 1, '2016-01-12 18:25:32'),
(19, '', 27, 5, '購物', 1, 1, '2016-01-12 18:26:29'),
(20, '', 27, 999, '購物', 1, 1, '2016-01-12 18:40:32'),
(21, '', 27, 5, '購物', 1, 1, '2016-01-12 18:41:26'),
(22, '', 27, 5, '購物', 1, 1, '2016-01-12 18:42:04'),
(23, '', 27, 999, '購物', 1, 1, '2016-01-12 18:43:30'),
(24, '201601150001', 27, 999, '購物', 1, 0, '2016-01-15 15:30:15'),
(25, '201601150002', 27, 999, '購物', 1, 1, '2016-01-15 15:30:39'),
(26, '201601150003', 27, 5, '購物', 1, 0, '2016-01-15 15:34:15'),
(27, '201601150004', 27, 2, '購物', 1, 0, '2016-01-15 15:34:37'),
(28, '201601150005', 27, 2, '購物', 1, 1, '2016-01-15 15:36:26'),
(29, '201601210001', 27, 999, '購物', 1, 0, '2016-01-21 11:33:39'),
(30, '201601210002', 27, 2, '購物', 1, 0, '2016-01-21 11:35:53'),
(31, '201601210003', 27, 2, '購物', 1, 1, '2016-01-21 11:47:15'),
(32, '201603280001', 1, 4, '購物', 1, 1, '2016-03-28 18:38:54'),
(33, '201604080001', 1, 2, '購物', 1, 0, '2016-04-08 18:42:22'),
(34, '201604110001', 32, 2, '購物', 1, 0, '2016-04-11 23:05:23'),
(35, '201604120001', 0, 2, '購物', 1, 0, '2016-04-12 18:43:48');

-- --------------------------------------------------------

--
-- 表的结构 `925_disclaimer`
--

CREATE TABLE IF NOT EXISTS `925_disclaimer` (
  `disclaimer_id` int(11) NOT NULL AUTO_INCREMENT,
  `disclaimer_content` longtext COLLATE utf8_unicode_ci NOT NULL,
  `disclaimer_admin` varchar(20) COLLATE utf8_unicode_ci NOT NULL,
  `disclaimer_updatetime` datetime NOT NULL,
  `disclaimer_createtime` datetime NOT NULL,
  PRIMARY KEY (`disclaimer_id`)
) ENGINE=MyISAM  DEFAULT CHARSET=utf8 COLLATE=utf8_unicode_ci AUTO_INCREMENT=2 ;

--
-- 转存表中的数据 `925_disclaimer`
--

INSERT INTO `925_disclaimer` (`disclaimer_id`, `disclaimer_content`, `disclaimer_admin`, `disclaimer_updatetime`, `disclaimer_createtime`) VALUES
(1, '', '', '0000-00-00 00:00:00', '2016-04-11 00:00:00');

-- --------------------------------------------------------

--
-- 表的结构 `925_fproduct`
--

CREATE TABLE IF NOT EXISTS `925_fproduct` (
  `fproduct_id` int(11) NOT NULL AUTO_INCREMENT,
  `fproduct_product_id` int(11) NOT NULL,
  `fproduct_member_id` int(11) NOT NULL,
  `fproduct_create_time` datetime NOT NULL,
  PRIMARY KEY (`fproduct_id`),
  KEY `fproduct_id` (`fproduct_id`),
  KEY `fproduct_product_id` (`fproduct_product_id`),
  KEY `fproduct_member_id` (`fproduct_member_id`)
) ENGINE=MyISAM  DEFAULT CHARSET=utf8 COLLATE=utf8_unicode_ci COMMENT='收藏商品' AUTO_INCREMENT=25 ;

--
-- 转存表中的数据 `925_fproduct`
--

INSERT INTO `925_fproduct` (`fproduct_id`, `fproduct_product_id`, `fproduct_member_id`, `fproduct_create_time`) VALUES
(1, 2, 1, '2015-11-23 11:58:38'),
(18, 7, 27, '2016-01-12 16:47:13'),
(3, 7, 1, '2015-11-23 12:54:44'),
(21, 9, 27, '2016-03-01 15:09:16'),
(17, 8, 27, '2016-01-12 16:23:05'),
(9, 7, 25, '2015-12-22 10:52:25'),
(10, 8, 25, '2015-12-22 15:00:08'),
(22, 8, 32, '2016-04-12 13:07:11'),
(23, 8, 0, '2016-04-12 13:07:27'),
(24, 1, 32, '2016-04-12 17:15:03');

-- --------------------------------------------------------

--
-- 表的结构 `925_freight`
--

CREATE TABLE IF NOT EXISTS `925_freight` (
  `freight_id` int(11) NOT NULL AUTO_INCREMENT,
  `freight_keyword` varchar(20) COLLATE utf8_unicode_ci NOT NULL,
  `freight_value` int(11) NOT NULL,
  `freight_manager` varchar(15) COLLATE utf8_unicode_ci NOT NULL,
  `freight_create_time` datetime NOT NULL,
  `freight_update_time` datetime NOT NULL,
  PRIMARY KEY (`freight_id`)
) ENGINE=MyISAM  DEFAULT CHARSET=utf8 COLLATE=utf8_unicode_ci COMMENT='運費' AUTO_INCREMENT=5 ;

--
-- 转存表中的数据 `925_freight`
--

INSERT INTO `925_freight` (`freight_id`, `freight_keyword`, `freight_value`, `freight_manager`, `freight_create_time`, `freight_update_time`) VALUES
(1, 'freight_price', 60, 'admin', '2015-10-26 18:30:00', '2015-11-27 12:46:48'),
(2, 'freight_limit', 1000, 'admin', '2015-10-26 18:30:00', '2015-11-27 10:55:09');

-- --------------------------------------------------------

--
-- 表的结构 `925_fshop`
--

CREATE TABLE IF NOT EXISTS `925_fshop` (
  `fshop_id` int(11) NOT NULL AUTO_INCREMENT,
  `fshop_shop_id` int(11) NOT NULL,
  `fshop_member_id` int(11) NOT NULL,
  `fshop_create_time` datetime NOT NULL,
  PRIMARY KEY (`fshop_id`),
  KEY `fshop_id` (`fshop_id`),
  KEY `fshop_shop_id` (`fshop_shop_id`),
  KEY `fshop_member_id` (`fshop_member_id`)
) ENGINE=MyISAM  DEFAULT CHARSET=utf8 COLLATE=utf8_unicode_ci COMMENT='收藏店家' AUTO_INCREMENT=13 ;

--
-- 转存表中的数据 `925_fshop`
--

INSERT INTO `925_fshop` (`fshop_id`, `fshop_shop_id`, `fshop_member_id`, `fshop_create_time`) VALUES
(1, 7, 1, '2015-11-23 12:51:04'),
(2, 4, 1, '2015-11-24 20:51:17'),
(3, 10, 25, '2015-12-22 14:59:39'),
(7, 6, 27, '2016-01-12 16:36:41'),
(5, 9, 25, '2015-12-25 18:07:20'),
(8, 10, 27, '2016-01-12 16:36:46'),
(10, 10, 32, '2016-04-08 17:52:36'),
(11, 9, 1, '2016-04-08 18:58:24'),
(12, 6, 1, '2016-04-08 18:58:35');

-- --------------------------------------------------------

--
-- 表的结构 `925_log`
--

CREATE TABLE IF NOT EXISTS `925_log` (
  `log_id` int(11) NOT NULL AUTO_INCREMENT,
  `log_name` varchar(30) COLLATE utf8_unicode_ci NOT NULL,
  `log_type` int(11) NOT NULL,
  `log_comment` varchar(150) COLLATE utf8_unicode_ci NOT NULL,
  `log_action` int(11) NOT NULL,
  `log_ip` varchar(15) COLLATE utf8_unicode_ci NOT NULL,
  `log_create_time` datetime NOT NULL,
  PRIMARY KEY (`log_id`)
) ENGINE=MyISAM  DEFAULT CHARSET=utf8 COLLATE=utf8_unicode_ci COMMENT='LOG記錄' AUTO_INCREMENT=1011 ;

--
-- 转存表中的数据 `925_log`
--

INSERT INTO `925_log` (`log_id`, `log_name`, `log_type`, `log_comment`, `log_action`, `log_ip`, `log_create_time`) VALUES
(1, 'admin', 1, '成功', 0, '::1', '2015-10-28 18:19:46'),
(2, 'admin', 1, '成功', 0, '::1', '2015-10-29 16:24:41'),
(3, 'admin', 1, '列表', 2, '::1', '2015-10-29 16:24:47'),
(4, 'admin', 1, '成功', 0, '::1', '2015-10-29 17:03:17'),
(5, 'admin', 1, '列表', 2, '::1', '2015-10-29 17:10:59'),
(6, 'admin', 1, '成功', 0, '::1', '2015-10-30 15:44:09'),
(7, 'admin', 1, '列表', 2, '::1', '2015-10-30 15:56:17'),
(8, 'admin', 1, '成功', 0, '::1', '2015-11-02 12:19:43'),
(9, 'admin', 1, '列表', 2, '::1', '2015-11-02 13:57:16'),
(10, 'admin', 1, '成功', 0, '::1', '2015-11-03 11:54:49'),
(11, 'admin', 1, '列表', 2, '::1', '2015-11-03 15:21:25'),
(12, 'admin', 1, '成功', 0, '::1', '2015-11-04 10:55:42'),
(13, 'admin', 1, '列表', 2, '::1', '2015-11-04 11:10:04'),
(14, 'admin', 1, '成功', 0, '::1', '2015-11-05 15:03:01'),
(15, 'admin', 1, '列表', 2, '::1', '2015-11-05 15:07:56'),
(16, 'admin', 1, '成功', 0, '::1', '2015-11-06 12:41:43'),
(17, 'admin', 1, '列表', 2, '::1', '2015-11-06 12:41:49'),
(18, 'admin', 1, '', 4, '::1', '2015-11-06 15:08:16'),
(19, 'admin', 1, '列表', 2, '::1', '2015-11-06 15:08:31'),
(20, 'admin', 1, '', 4, '::1', '2015-11-06 15:11:42'),
(21, 'admin', 1, '列表', 2, '::1', '2015-11-06 15:15:32'),
(22, 'admin', 1, '', 4, '::1', '2015-11-06 15:15:43'),
(23, 'admin', 1, '列表', 2, '::1', '2015-11-06 15:17:16'),
(24, 'admin', 1, 'test', 3, '::1', '2015-11-06 15:24:42'),
(25, 'admin', 1, '列表', 2, '::1', '2015-11-06 15:26:15'),
(26, 'admin', 1, '', 4, '::1', '2015-11-06 15:27:41'),
(27, 'admin', 1, '列表', 2, '::1', '2015-11-06 15:29:34'),
(28, 'admin', 1, 'test', 4, '::1', '2015-11-06 15:36:04'),
(29, 'admin', 1, '列表', 2, '::1', '2015-11-06 15:36:56'),
(30, 'test', 1, '成功', 0, '::1', '2015-11-06 15:45:48'),
(31, 'admin', 1, '成功', 0, '::1', '2015-11-06 15:49:51'),
(32, 'admin', 1, '成功', 0, '::1', '2015-11-06 15:50:41'),
(33, 'test', 1, '成功', 0, '::1', '2015-11-06 15:52:11'),
(34, 'test', 1, '成功', 0, '::1', '2015-11-06 15:52:51'),
(35, 'test', 1, '成功', 0, '::1', '2015-11-06 15:54:09'),
(36, 'admin', 1, '成功', 0, '::1', '2015-11-06 15:54:34'),
(37, 'admin', 1, '列表', 2, '::1', '2015-11-06 16:25:35'),
(38, 'admin', 1, 'admin', 4, '::1', '2015-11-06 16:25:54'),
(39, 'admin', 1, '列表', 2, '::1', '2015-11-06 16:26:19'),
(40, 'admin', 1, 'admin', 4, '::1', '2015-11-06 16:40:21'),
(41, 'admin', 1, '列表', 2, '::1', '2015-11-06 16:41:21'),
(42, 'admin', 1, 'test2', 3, '::1', '2015-11-06 17:15:26'),
(43, 'admin', 1, '列表', 2, '::1', '2015-11-06 17:15:41'),
(44, 'admin', 1, 'test2', 4, '::1', '2015-11-06 17:21:02'),
(45, 'admin', 1, '列表', 2, '::1', '2015-11-06 17:22:58'),
(46, 'admin', 1, 'test3', 3, '::1', '2015-11-06 17:38:22'),
(47, 'admin', 1, '列表', 2, '::1', '2015-11-06 17:47:33'),
(48, 'admin', 1, '1筆資料(''5'')', 5, '::1', '2015-11-06 18:01:31'),
(49, 'admin', 1, '列表', 2, '::1', '2015-11-06 18:01:57'),
(50, 'admin', 1, '操作記錄', 2, '::1', '2015-11-06 18:24:38'),
(51, 'admin', 1, '列表', 2, '::1', '2015-11-06 18:30:16'),
(52, 'admin', 1, '操作記錄', 2, '::1', '2015-11-06 18:30:39'),
(53, 'admin', 1, '列表', 2, '::1', '2015-11-06 18:43:01'),
(54, 'admin', 1, '操作記錄', 2, '::1', '2015-11-06 18:43:04'),
(55, 'admin', 1, '列表', 2, '::1', '2015-11-06 18:52:55'),
(56, 'admin', 2, '', 2, '::1', '2015-11-06 19:19:53'),
(57, 'admin', 1, '列表', 2, '::1', '2015-11-06 19:34:26'),
(58, 'admin', 2, '', 2, '::1', '2015-11-06 19:39:51'),
(59, 'admin', 1, '列表', 2, '::1', '2015-11-06 19:40:35'),
(60, 'admin', 1, '操作記錄', 2, '::1', '2015-11-06 19:40:36'),
(61, 'admin', 2, '', 2, '::1', '2015-11-06 19:40:40'),
(62, 'admin', 1, '成功', 0, '::1', '2015-11-09 10:50:47'),
(63, 'admin', 2, '', 2, '::1', '2015-11-09 10:50:54'),
(64, 'admin', 1, '列表', 2, '::1', '2015-11-09 10:50:57'),
(65, 'admin', 2, '', 2, '::1', '2015-11-09 10:51:01'),
(66, 'admin', 1, '列表', 2, '::1', '2015-11-09 11:00:37'),
(67, 'admin', 2, '', 2, '::1', '2015-11-09 11:00:44'),
(68, 'admin', 1, '列表', 2, '::1', '2015-11-09 11:01:18'),
(69, 'admin', 1, '操作記錄', 2, '::1', '2015-11-09 11:05:19'),
(70, 'admin', 2, '', 2, '::1', '2015-11-09 11:07:14'),
(71, 'admin', 1, '列表', 2, '::1', '2015-11-09 11:07:25'),
(72, 'admin', 2, '', 2, '::1', '2015-11-09 11:07:36'),
(73, 'admin', 2, '首頁 - BANNER,ID_1', 3, '::1', '2015-11-09 12:02:06'),
(74, 'admin', 2, '首頁 - BANNER,ID_2', 3, '::1', '2015-11-09 12:02:35'),
(75, 'admin', 2, '', 2, '::1', '2015-11-09 12:20:07'),
(76, 'admin', 3, '', 2, '::1', '2015-11-09 12:21:26'),
(77, 'admin', 3, '首頁 - 小廣告,ID_1', 3, '::1', '2015-11-09 12:42:24'),
(78, 'admin', 3, '首頁 - 小廣告,ID_2', 3, '::1', '2015-11-09 12:42:51'),
(79, 'admin', 3, '', 2, '::1', '2015-11-09 14:10:11'),
(80, 'admin', 4, 'meta', 4, '::1', '2015-11-09 15:42:55'),
(81, 'admin', 3, '', 2, '::1', '2015-11-09 15:45:07'),
(82, 'admin', 4, '首頁 - META', 4, '::1', '2015-11-09 15:45:17'),
(83, 'admin', 3, '', 2, '::1', '2015-11-09 15:46:25'),
(84, 'admin', 2, '', 2, '::1', '2015-11-09 15:46:27'),
(85, 'admin', 1, '列表', 2, '::1', '2015-11-09 15:46:29'),
(86, 'admin', 5, '', 2, '::1', '2015-11-09 16:24:35'),
(87, 'admin', 2, '', 2, '::1', '2015-11-09 17:17:51'),
(88, 'admin', 3, '', 2, '::1', '2015-11-09 17:17:59'),
(89, 'admin', 5, '', 2, '::1', '2015-11-09 17:18:07'),
(90, 'admin', 2, '', 2, '::1', '2015-11-09 17:18:26'),
(91, 'admin', 3, '', 2, '::1', '2015-11-09 17:18:41'),
(92, 'admin', 5, '', 2, '::1', '2015-11-09 17:20:20'),
(93, 'admin', 5, '商品 - 商品一階分類 - 文具,ID_1', 3, '::1', '2015-11-09 17:49:12'),
(94, 'admin', 5, '', 2, '::1', '2015-11-09 17:50:12'),
(95, 'admin', 5, '商品 - 商品一階分類 - 文具,ID_1', 4, '::1', '2015-11-09 17:56:24'),
(96, 'admin', 5, '商品 - 商品一階分類 - 包包,ID_2', 3, '::1', '2015-11-09 17:56:57'),
(97, 'admin', 2, '', 2, '::1', '2015-11-09 17:58:04'),
(98, 'admin', 5, '', 2, '::1', '2015-11-09 17:58:54'),
(99, 'admin', 5, '商品 - 商品一階分類 - 包包1,ID_2', 4, '::1', '2015-11-09 18:00:18'),
(100, 'admin', 5, '', 2, '::1', '2015-11-09 18:07:59'),
(101, 'admin', 6, '', 2, '::1', '2015-11-09 18:08:16'),
(102, 'admin', 1, '成功', 0, '::1', '2015-11-11 10:56:14'),
(103, 'admin', 3, '', 2, '::1', '2015-11-11 10:56:22'),
(104, 'admin', 2, '', 2, '::1', '2015-11-11 10:56:26'),
(105, 'admin', 3, '', 2, '::1', '2015-11-11 10:56:27'),
(106, 'admin', 4, '首頁 - META', 4, '::1', '2015-11-11 10:56:35'),
(107, 'admin', 3, '', 2, '::1', '2015-11-11 10:57:06'),
(108, 'admin', 2, '', 2, '::1', '2015-11-11 10:57:08'),
(109, 'admin', 3, '', 2, '::1', '2015-11-11 10:57:10'),
(110, 'admin', 2, '', 2, '::1', '2015-11-11 10:57:14'),
(111, 'admin', 5, '', 2, '::1', '2015-11-11 10:59:11'),
(112, 'admin', 6, '', 2, '::1', '2015-11-11 10:59:17'),
(113, 'admin', 1, '列表', 2, '::1', '2015-11-11 11:04:40'),
(114, 'admin', 1, '操作記錄', 2, '::1', '2015-11-11 11:05:54'),
(115, 'admin', 1, '列表', 2, '::1', '2015-11-11 11:05:55'),
(116, 'admin', 5, '', 2, '::1', '2015-11-11 11:06:06'),
(117, 'admin', 6, '', 2, '::1', '2015-11-11 11:06:07'),
(118, 'admin', 5, '', 2, '::1', '2015-11-11 11:10:01'),
(119, 'admin', 6, '', 2, '::1', '2015-11-11 11:10:03'),
(120, 'admin', 3, '', 2, '::1', '2015-11-11 11:10:11'),
(121, 'admin', 2, '', 2, '::1', '2015-11-11 11:10:12'),
(122, 'admin', 5, '', 2, '::1', '2015-11-11 11:10:15'),
(123, 'admin', 6, '', 2, '::1', '2015-11-11 11:10:16'),
(124, 'admin', 6, '商品 - 商品二階分類 - 原子筆,ID_1', 3, '::1', '2015-11-11 14:10:50'),
(125, 'admin', 6, '商品 - 商品二階分類 - 鉛筆,ID_2', 3, '::1', '2015-11-11 14:11:10'),
(126, 'admin', 6, '商品 - 商品二階分類 - 後背包,ID_3', 3, '::1', '2015-11-11 14:11:30'),
(127, 'admin', 6, '', 2, '::1', '2015-11-11 15:36:36'),
(128, 'admin', 5, '', 2, '::1', '2015-11-11 15:36:57'),
(129, 'admin', 6, '', 2, '::1', '2015-11-11 15:37:03'),
(130, 'admin', 6, '商品 - 商品二階分類 - 側背包,ID_4', 3, '::1', '2015-11-11 15:38:01'),
(131, 'admin', 6, '商品 - 商品二階分類 - 側背包A,ID_4', 4, '::1', '2015-11-11 15:38:25'),
(132, 'admin', 6, '', 2, '::1', '2015-11-11 15:41:55'),
(133, 'admin', 5, '', 2, '::1', '2015-11-11 15:42:59'),
(134, 'admin', 6, '', 2, '::1', '2015-11-11 15:43:01'),
(135, 'admin', 5, '', 2, '::1', '2015-11-11 15:43:03'),
(136, 'admin', 7, '', 2, '::1', '2015-11-11 16:08:41'),
(137, 'admin', 5, '', 2, '::1', '2015-11-11 18:18:11'),
(138, 'admin', 6, '', 2, '::1', '2015-11-11 18:18:14'),
(139, 'admin', 5, '', 2, '::1', '2015-11-11 18:18:15'),
(140, 'admin', 7, '', 2, '::1', '2015-11-11 18:18:16'),
(141, 'admin', 5, '', 2, '::1', '2015-11-11 18:23:52'),
(142, 'admin', 6, '', 2, '::1', '2015-11-11 18:23:53'),
(143, 'admin', 7, '', 2, '::1', '2015-11-11 18:24:37'),
(144, 'admin', 6, '', 2, '::1', '2015-11-11 18:25:59'),
(145, 'admin', 7, '', 2, '::1', '2015-11-11 18:26:06'),
(146, 'admin', 6, '', 2, '::1', '2015-11-11 18:33:51'),
(147, 'admin', 7, '', 2, '::1', '2015-11-11 18:33:52'),
(148, 'admin', 6, '', 2, '::1', '2015-11-11 18:47:21'),
(149, 'admin', 7, '', 2, '::1', '2015-11-11 18:47:22'),
(150, 'admin', 6, '', 2, '::1', '2015-11-11 18:47:22'),
(151, 'admin', 7, '', 2, '::1', '2015-11-11 18:47:23'),
(152, 'admin', 6, '', 2, '::1', '2015-11-11 18:47:26'),
(153, 'admin', 7, '', 2, '::1', '2015-11-11 18:47:28'),
(154, 'admin', 1, '成功', 0, '::1', '2015-11-12 10:33:36'),
(155, 'admin', 7, '', 2, '::1', '2015-11-12 10:33:43'),
(156, 'admin', 6, '', 2, '::1', '2015-11-12 11:45:49'),
(157, 'admin', 7, '', 2, '::1', '2015-11-12 12:01:19'),
(158, 'admin', 3, '', 2, '::1', '2015-11-12 14:55:33'),
(159, 'admin', 7, '', 2, '::1', '2015-11-12 14:58:24'),
(160, 'admin', 1, '列表', 2, '::1', '2015-11-12 16:40:12'),
(161, 'admin', 2, '', 2, '::1', '2015-11-12 16:40:20'),
(162, 'admin', 3, '', 2, '::1', '2015-11-12 16:40:21'),
(163, 'admin', 7, '', 2, '::1', '2015-11-12 16:40:28'),
(164, 'admin', 1, '列表', 2, '::1', '2015-11-12 16:40:47'),
(165, 'admin', 2, '', 2, '::1', '2015-11-12 16:42:24'),
(166, 'admin', 3, '', 2, '::1', '2015-11-12 16:42:25'),
(167, 'admin', 7, '', 2, '::1', '2015-11-12 17:49:20'),
(168, 'admin', 6, '', 2, '::1', '2015-11-12 18:13:32'),
(169, 'admin', 7, '', 2, '::1', '2015-11-12 18:15:04'),
(170, 'admin', 7, '商品 - 商品,ID_1', 3, '::1', '2015-11-12 20:04:20'),
(171, 'admin', 7, '', 2, '::1', '2015-11-12 20:09:26'),
(172, 'admin', 7, '商品 - 商品,ID_1', 4, '::1', '2015-11-12 20:16:05'),
(173, 'admin', 7, '', 2, '::1', '2015-11-12 21:06:49'),
(174, 'admin', 7, '商品 - 商品,ID_2', 3, '::1', '2015-11-12 21:15:01'),
(175, 'admin', 1, '列表', 2, '::1', '2015-11-12 21:15:40'),
(176, 'admin', 1, 'test3', 3, '::1', '2015-11-12 21:16:44'),
(177, 'admin', 7, '', 2, '::1', '2015-11-12 21:16:49'),
(178, 'admin', 5, '', 2, '::1', '2015-11-12 21:25:37'),
(179, 'admin', 7, '', 2, '::1', '2015-11-12 21:25:40'),
(180, 'admin', 1, '列表', 2, '::1', '2015-11-12 21:25:49'),
(181, 'admin', 1, 'test4', 3, '::1', '2015-11-12 21:26:30'),
(182, 'admin', 7, '', 2, '::1', '2015-11-12 21:26:34'),
(183, 'admin', 6, '', 2, '::1', '2015-11-12 21:28:25'),
(184, 'admin', 7, '', 2, '::1', '2015-11-12 21:28:45'),
(185, 'admin', 7, '商品 - 商品,ID_3', 3, '::1', '2015-11-12 21:30:36'),
(186, 'admin', 1, '成功', 0, '::1', '2015-11-13 10:41:05'),
(187, 'admin', 7, '', 2, '::1', '2015-11-13 10:48:01'),
(188, 'admin', 6, '', 2, '::1', '2015-11-13 10:48:03'),
(189, 'admin', 7, '', 2, '::1', '2015-11-13 10:48:19'),
(190, 'admin', 1, '成功', 0, '::1', '2015-11-13 11:05:51'),
(191, 'admin', 7, '', 2, '::1', '2015-11-13 11:10:01'),
(192, 'admin', 6, '', 2, '::1', '2015-11-13 11:51:51'),
(193, 'admin', 7, '', 2, '::1', '2015-11-13 11:51:52'),
(194, 'admin', 6, '', 2, '::1', '2015-11-13 11:59:59'),
(195, 'admin', 5, '', 2, '::1', '2015-11-13 12:00:00'),
(196, 'admin', 8, '', 2, '::1', '2015-11-13 12:10:50'),
(197, 'admin', 1, '列表', 2, '::1', '2015-11-13 17:27:29'),
(198, 'admin', 2, '', 2, '::1', '2015-11-13 17:27:46'),
(199, 'admin', 3, '', 2, '::1', '2015-11-13 17:28:02'),
(200, 'admin', 6, '', 2, '::1', '2015-11-13 17:28:14'),
(201, 'admin', 8, '', 2, '::1', '2015-11-13 17:28:23'),
(202, 'admin', 8, '會員 - 會員列表,ID_2', 4, '::1', '2015-11-13 17:39:26'),
(203, 'admin', 8, '', 2, '::1', '2015-11-13 17:40:27'),
(204, 'admin', 10, '', 2, '::1', '2015-11-13 17:53:21'),
(205, 'admin', 8, '', 2, '::1', '2015-11-13 17:56:17'),
(206, 'admin', 10, '', 2, '::1', '2015-11-13 17:56:34'),
(207, 'admin', 5, '', 2, '::1', '2015-11-13 17:56:45'),
(208, 'admin', 10, '', 2, '::1', '2015-11-13 17:57:05'),
(209, 'admin', 8, '', 2, '::1', '2015-11-13 17:57:45'),
(210, 'admin', 10, '', 2, '::1', '2015-11-13 17:57:52'),
(211, 'admin', 5, '', 2, '::1', '2015-11-13 17:57:57'),
(212, 'admin', 7, '', 2, '::1', '2015-11-13 17:58:15'),
(213, 'admin', 8, '', 2, '::1', '2015-11-13 17:58:24'),
(214, 'admin', 10, '', 2, '::1', '2015-11-13 17:58:28'),
(215, 'admin', 2, '', 2, '::1', '2015-11-13 18:12:46'),
(216, 'admin', 10, '', 2, '::1', '2015-11-13 18:13:02'),
(217, 'admin', 10, '運費 - 運費設定,ID_1', 4, '::1', '2015-11-13 18:36:01'),
(218, 'admin', 10, '運費 - 運費設定,ID_2', 4, '::1', '2015-11-13 18:36:08'),
(219, 'admin', 9, '', 2, '::1', '2015-11-13 18:40:57'),
(220, 'admin', 5, '', 2, '::1', '2015-11-13 18:49:32'),
(221, 'admin', 9, '', 2, '::1', '2015-11-13 18:50:33'),
(222, 'admin', 8, '', 2, '::1', '2015-11-13 18:52:10'),
(223, 'admin', 2, '', 2, '::1', '2015-11-13 18:52:14'),
(224, 'admin', 3, '', 2, '::1', '2015-11-13 18:52:21'),
(225, 'admin', 5, '', 2, '::1', '2015-11-13 18:52:27'),
(226, 'admin', 9, '', 2, '::1', '2015-11-13 18:52:32'),
(227, 'admin', 5, '', 2, '::1', '2015-11-13 18:53:52'),
(228, 'admin', 7, '', 2, '::1', '2015-11-13 18:53:54'),
(229, 'admin', 9, '', 2, '::1', '2015-11-13 18:53:57'),
(230, 'admin', 1, '成功', 0, '::1', '2015-11-14 13:25:01'),
(231, 'admin', 10, '', 2, '::1', '2015-11-14 13:25:38'),
(232, 'admin', 8, '', 2, '::1', '2015-11-14 13:25:40'),
(233, 'admin', 9, '', 2, '::1', '2015-11-14 13:25:45'),
(234, 'admin', 8, '', 2, '::1', '2015-11-14 14:05:22'),
(235, 'admin', 10, '', 2, '::1', '2015-11-14 14:05:27'),
(236, 'admin', 9, '', 2, '::1', '2015-11-14 14:06:02'),
(237, 'admin', 7, '', 2, '::1', '2015-11-14 15:17:01'),
(238, 'admin', 9, '', 2, '::1', '2015-11-14 15:20:01'),
(239, 'admin', 7, '', 2, '::1', '2015-11-14 15:32:34'),
(240, 'admin', 9, '', 2, '::1', '2015-11-14 15:32:39'),
(241, 'admin', 5, '', 2, '::1', '2015-11-14 16:14:45'),
(242, 'admin', 9, '', 2, '::1', '2015-11-14 16:14:49'),
(243, 'admin', 1, '成功', 0, '::1', '2015-11-16 10:51:32'),
(244, 'admin', 3, '', 2, '::1', '2015-11-16 14:23:04'),
(245, 'admin', 3, '首頁 - 小廣告,ID_3', 3, '::1', '2015-11-16 14:23:20'),
(246, 'admin', 3, '', 2, '::1', '2015-11-16 14:24:21'),
(247, 'admin', 5, '', 2, '::1', '2015-11-16 14:59:39'),
(248, 'admin', 7, '', 2, '::1', '2015-11-16 14:59:39'),
(249, 'admin', 7, '商品 - 商品,ID_2', 4, '::1', '2015-11-16 15:04:19'),
(250, 'admin', 5, '', 2, '::1', '2015-11-16 15:25:43'),
(251, 'admin', 7, '', 2, '::1', '2015-11-16 15:35:34'),
(252, 'admin', 7, '商品 - 商品,ID_4', 3, '::1', '2015-11-16 15:36:57'),
(253, 'admin', 7, '', 2, '::1', '2015-11-16 15:42:30'),
(254, 'admin', 7, '商品 - 商品,ID_4', 4, '::1', '2015-11-16 15:47:21'),
(255, 'admin', 7, '商品 - 商品,ID_1', 4, '::1', '2015-11-16 15:47:33'),
(256, 'admin', 7, '', 2, '::1', '2015-11-16 15:47:36'),
(257, 'admin', 7, '商品 - 商品,ID_5', 3, '::1', '2015-11-16 17:04:23'),
(258, 'admin', 7, '商品 - 商品,ID_6', 3, '::1', '2015-11-16 20:26:12'),
(259, 'admin', 6, '', 2, '::1', '2015-11-16 20:29:32'),
(260, 'admin', 5, '', 2, '::1', '2015-11-16 20:29:33'),
(261, 'admin', 1, '成功', 0, '::1', '2015-11-17 10:32:01'),
(262, 'admin', 7, '', 2, '::1', '2015-11-17 10:42:12'),
(263, 'admin', 7, '商品 - 商品,ID_6', 4, '::1', '2015-11-17 12:44:32'),
(264, 'admin', 7, '', 2, '::1', '2015-11-17 14:36:28'),
(265, 'admin', 7, '商品 - 商品,ID_6', 4, '::1', '2015-11-17 15:01:47'),
(266, 'admin', 7, '', 2, '::1', '2015-11-17 16:17:30'),
(267, 'admin', 7, '商品 - 商品,ID_6', 4, '::1', '2015-11-17 16:18:32'),
(268, 'admin', 1, '列表', 2, '::1', '2015-11-17 20:38:28'),
(269, 'admin', 1, '成功', 0, '::1', '2015-11-18 10:30:50'),
(270, 'admin', 1, '列表', 2, '::1', '2015-11-18 10:32:59'),
(271, 'test2', 1, '成功', 0, '::1', '2015-11-18 10:35:27'),
(272, 'admin', 1, '成功', 0, '::1', '2015-11-18 10:35:52'),
(273, 'admin', 9, '', 2, '::1', '2015-11-18 10:39:00'),
(274, 'admin', 7, '', 2, '::1', '2015-11-18 10:39:02'),
(275, 'admin', 1, '列表', 2, '::1', '2015-11-18 10:39:04'),
(276, 'admin', 9, '', 2, '::1', '2015-11-18 10:39:06'),
(277, 'admin', 1, '列表', 2, '::1', '2015-11-18 10:42:02'),
(278, 'admin', 1, 'test4', 4, '::1', '2015-11-18 10:42:13'),
(279, 'admin', 1, 'test3', 4, '::1', '2015-11-18 10:42:27'),
(280, 'admin', 1, 'test2', 4, '::1', '2015-11-18 10:42:34'),
(281, 'admin', 9, '', 2, '::1', '2015-11-18 10:42:41'),
(282, 'admin', 7, '', 2, '::1', '2015-11-18 10:42:43'),
(283, 'admin', 1, '列表', 2, '::1', '2015-11-18 10:42:45'),
(284, 'test2', 1, '成功', 0, '::1', '2015-11-18 10:48:00'),
(285, 'admin', 1, '成功', 0, '::1', '2015-11-18 10:48:38'),
(286, 'test2', 1, '成功', 0, '::1', '2015-11-18 10:56:42'),
(287, 'admin', 1, '成功', 0, '::1', '2015-11-18 11:10:21'),
(288, 'admin', 1, '列表', 2, '::1', '2015-11-18 11:27:26'),
(289, 'admin', 1, '操作記錄', 2, '::1', '2015-11-18 11:27:30'),
(290, 'test2', 13, 'test2', 4, '::1', '2015-11-18 11:30:18'),
(291, 'admin', 1, '成功', 0, '::1', '2015-11-18 12:15:12'),
(292, 'test2', 1, '成功', 0, '::1', '2015-11-18 12:15:51'),
(293, 'test2', 12, '', 2, '::1', '2015-11-18 12:18:41'),
(294, 'admin', 7, '', 2, '::1', '2015-11-18 12:26:59'),
(295, 'admin', 7, '商品 - 商品,ID_6', 4, '::1', '2015-11-18 12:41:52'),
(296, 'admin', 7, '', 2, '::1', '2015-11-18 12:43:15'),
(297, 'test2', 12, '店家 - 商品,ID_7', 3, '::1', '2015-11-18 14:15:01'),
(298, 'test2', 12, '', 2, '::1', '2015-11-18 14:15:38'),
(299, 'test2', 12, '店家 - 商品,ID_7', 4, '::1', '2015-11-18 14:35:13'),
(300, 'test2', 12, '', 2, '::1', '2015-11-18 14:37:02'),
(301, 'admin', 7, '', 2, '::1', '2015-11-18 14:37:43'),
(302, 'admin', 1, '成功', 0, '::1', '2015-11-19 11:04:25'),
(303, 'admin', 8, '', 2, '::1', '2015-11-19 16:07:28'),
(304, 'admin', 8, '4筆資料(''3'',''4'',''5'',''6'')', 5, '::1', '2015-11-19 16:59:29'),
(305, 'admin', 8, '', 2, '::1', '2015-11-19 17:07:17'),
(306, 'admin', 8, '3筆資料(''7'',''8'',''9'')', 5, '::1', '2015-11-19 17:07:23'),
(307, 'admin', 8, '', 2, '::1', '2015-11-19 17:10:20'),
(308, 'admin', 8, '1筆資料(''10'')', 5, '::1', '2015-11-19 17:10:24'),
(309, 'admin', 8, '', 2, '::1', '2015-11-19 17:16:03'),
(310, 'admin', 8, '3筆資料(''11'',''12'',''13'')', 5, '::1', '2015-11-19 17:16:22'),
(311, 'admin', 8, '', 2, '::1', '2015-11-19 17:18:35'),
(312, 'admin', 8, '2筆資料(''2'',''14'')', 5, '::1', '2015-11-19 17:18:41'),
(313, 'admin', 8, '', 2, '::1', '2015-11-19 17:18:43'),
(314, 'admin', 8, '2筆資料(''15'',''16'')', 5, '::1', '2015-11-19 17:23:24'),
(315, 'admin', 8, '', 2, '::1', '2015-11-19 18:06:47'),
(316, 'admin', 1, '成功', 0, '::1', '2015-11-20 10:32:05'),
(317, 'admin', 9, '', 2, '::1', '2015-11-20 10:32:10'),
(318, 'admin', 1, '成功', 0, '::1', '2015-11-21 14:30:10'),
(319, 'admin', 1, '成功', 0, '::1', '2015-11-23 10:56:48'),
(320, 'admin', 7, '', 2, '::1', '2015-11-23 18:24:34'),
(321, 'admin', 1, '成功', 0, '::1', '2015-11-24 14:51:14'),
(322, 'admin', 1, '成功', 0, '::1', '2015-11-25 11:51:39'),
(323, 'admin', 7, '', 2, '::1', '2015-11-25 11:51:45'),
(324, 'admin', 1, '成功', 0, '::1', '2015-11-26 16:21:36'),
(325, 'admin', 8, '', 2, '::1', '2015-11-26 16:21:45'),
(326, 'admin', 1, '成功', 0, '::1', '2015-11-27 10:21:09'),
(327, 'admin', 10, '', 2, '::1', '2015-11-27 10:21:17'),
(328, 'admin', 10, '運費 - 運費設定,ID_2', 4, '::1', '2015-11-27 10:55:09'),
(329, 'admin', 10, '', 2, '::1', '2015-11-27 10:55:42'),
(330, 'admin', 10, '運費 - 運費設定,ID_1', 4, '::1', '2015-11-27 11:57:44'),
(331, 'admin', 10, '', 2, '::1', '2015-11-27 12:15:15'),
(332, 'admin', 10, '運費 - 運費設定,ID_1', 4, '::1', '2015-11-27 12:15:21'),
(333, 'admin', 10, '', 2, '::1', '2015-11-27 12:36:46'),
(334, 'admin', 10, '運費 - 運費設定,ID_1', 4, '::1', '2015-11-27 12:36:54'),
(335, 'admin', 10, '', 2, '::1', '2015-11-27 12:37:00'),
(336, 'admin', 10, '運費 - 運費設定,ID_1', 4, '::1', '2015-11-27 12:46:08'),
(337, 'admin', 10, '', 2, '::1', '2015-11-27 12:46:14'),
(338, 'admin', 10, '運費 - 運費設定,ID_1', 4, '::1', '2015-11-27 12:46:48'),
(339, 'admin', 9, '', 2, '::1', '2015-11-27 16:55:06'),
(340, 'admin', 5, '', 2, '::1', '2015-11-27 16:55:09'),
(341, 'admin', 7, '', 2, '::1', '2015-11-27 16:55:09'),
(342, 'admin', 8, '', 2, '::1', '2015-11-27 16:55:13'),
(343, 'admin', 12, '', 2, '::1', '2015-11-27 17:15:59'),
(344, 'admin', 1, '成功', 0, '::1', '2015-11-30 10:15:24'),
(345, 'admin', 7, '', 2, '::1', '2015-11-30 10:15:30'),
(346, 'admin', 1, '成功', 0, '::1', '2015-12-02 18:37:26'),
(347, 'admin', 9, '', 2, '::1', '2015-12-02 18:37:34'),
(348, 'admin', 1, '成功', 0, '::1', '2015-12-03 10:27:26'),
(349, 'admin', 9, '', 2, '::1', '2015-12-03 10:30:18'),
(350, 'admin', 8, '', 2, '::1', '2015-12-03 10:38:22'),
(351, 'admin', 9, '', 2, '::1', '2015-12-03 10:38:27'),
(352, 'admin', 9, '201512020010', 4, '::1', '2015-12-03 14:39:29'),
(353, 'admin', 1, '操作記錄', 2, '::1', '2015-12-03 14:40:49'),
(354, 'admin', 9, '', 2, '::1', '2015-12-03 14:41:16'),
(355, 'admin', 9, '201512020010', 4, '::1', '2015-12-03 14:41:23'),
(356, 'admin', 9, '', 2, '::1', '2015-12-03 14:43:56'),
(357, 'admin', 12, '', 2, '::1', '2015-12-03 14:43:58'),
(358, 'admin', 9, '', 2, '::1', '2015-12-03 14:44:01'),
(359, 'admin', 1, '列表', 2, '::1', '2015-12-03 14:44:10'),
(360, 'admin', 9, '', 2, '::1', '2015-12-03 14:44:34'),
(361, 'admin', 1, '列表', 2, '::1', '2015-12-03 15:33:40'),
(362, 'test2', 1, '成功', 0, '::1', '2015-12-03 15:34:11'),
(363, 'test2', 12, '', 2, '::1', '2015-12-03 15:34:21'),
(364, 'test2', 11, '', 2, '::1', '2015-12-03 15:35:33'),
(365, 'test2', 11, '201512020006', 4, '::1', '2015-12-03 15:41:05'),
(366, 'test2', 12, '', 2, '::1', '2015-12-03 15:44:44'),
(367, 'test2', 11, '', 2, '::1', '2015-12-03 15:44:44'),
(368, 'admin', 1, '成功', 0, '::1', '2015-12-03 15:45:39'),
(369, 'admin', 12, '', 2, '::1', '2015-12-03 15:45:48'),
(370, 'admin', 11, '', 2, '::1', '2015-12-03 15:45:49'),
(371, 'admin', 1, '列表', 2, '::1', '2015-12-03 15:45:52'),
(372, 'admin', 11, '', 2, '::1', '2015-12-03 15:51:17'),
(373, 'admin', 12, '', 2, '::1', '2015-12-03 15:51:18'),
(374, 'admin', 1, '列表', 2, '::1', '2015-12-03 15:52:14'),
(375, 'test1', 1, '登入失敗-帳密不正確', 0, '::1', '2015-12-03 15:57:03'),
(376, 'test1', 1, '登入失敗-帳密不正確', 0, '::1', '2015-12-03 15:57:12'),
(377, 'test2', 1, '成功', 0, '::1', '2015-12-03 15:57:18'),
(378, 'test2', 11, '', 2, '::1', '2015-12-03 15:57:23'),
(379, 'test2', 12, '', 2, '::1', '2015-12-03 15:57:24'),
(380, 'test2', 11, '', 2, '::1', '2015-12-03 15:57:42'),
(381, 'admin', 1, '成功', 0, '::1', '2015-12-03 16:04:30'),
(382, 'admin', 1, '列表', 2, '::1', '2015-12-03 16:04:36'),
(383, 'admin', 1, 'test11', 3, '::1', '2015-12-03 16:15:11'),
(384, 'admin', 1, '列表', 2, '::1', '2015-12-03 16:15:37'),
(385, 'admin', 1, '成功', 0, '::1', '2015-12-03 16:23:22'),
(386, 'admin', 1, '成功', 0, '::1', '2015-12-03 16:29:08'),
(387, 'admin', 1, '列表', 2, '::1', '2015-12-03 16:30:52'),
(388, 'test2', 1, '成功', 0, '::1', '2015-12-03 16:31:21'),
(389, 'test2', 12, '', 2, '::1', '2015-12-03 16:31:27'),
(390, 'test2', 11, '', 2, '::1', '2015-12-03 16:31:30'),
(391, 'admin', 1, '成功', 0, '::1', '2015-12-03 17:07:44'),
(392, 'admin', 9, '', 2, '::1', '2015-12-03 17:07:49'),
(393, 'admin', 8, '', 2, '::1', '2015-12-03 18:02:58'),
(394, 'admin', 7, '', 2, '::1', '2015-12-03 18:03:08'),
(395, 'admin', 6, '', 2, '::1', '2015-12-03 18:03:18'),
(396, 'admin', 9, '', 2, '::1', '2015-12-03 18:03:29'),
(397, 'admin', 9, '201512030015', 4, '::1', '2015-12-03 18:23:30'),
(398, 'admin', 9, '', 2, '::1', '2015-12-03 18:28:39'),
(399, 'admin', 7, '', 2, '::1', '2015-12-03 18:34:02'),
(400, 'admin', 7, '商品 - 商品,ID_7', 4, '::1', '2015-12-03 19:01:02'),
(401, 'admin', 7, '商品 - 商品,ID_6', 4, '::1', '2015-12-03 19:01:23'),
(402, 'admin', 7, '', 2, '::1', '2015-12-03 20:48:00'),
(403, 'admin', 9, '', 2, '::1', '2015-12-03 20:48:04'),
(404, 'admin', 1, '成功', 0, '59.127.37.46', '2015-12-04 16:36:19'),
(405, 'admin', 1, '列表', 2, '59.127.37.46', '2015-12-04 16:36:36'),
(406, 'admin', 1, 'cat', 3, '59.127.37.46', '2015-12-04 16:37:53'),
(407, 'cat', 1, '成功', 0, '59.127.37.46', '2015-12-04 16:38:21'),
(408, 'cat', 5, '', 2, '59.127.37.46', '2015-12-04 16:38:30'),
(409, 'cat', 6, '', 2, '59.127.37.46', '2015-12-04 16:38:32'),
(410, 'cat', 7, '', 2, '59.127.37.46', '2015-12-04 16:38:34'),
(411, 'cat', 5, '', 2, '59.127.37.46', '2015-12-04 16:39:02'),
(412, 'cat', 6, '', 2, '59.127.37.46', '2015-12-04 16:39:03'),
(413, 'cat', 7, '', 2, '59.127.37.46', '2015-12-04 16:39:07'),
(414, 'cat', 1, '列表', 2, '59.127.37.46', '2015-12-04 16:39:41'),
(415, 'cat', 1, 'cat', 4, '59.127.37.46', '2015-12-04 16:40:01'),
(416, 'cat', 1, '成功', 0, '59.127.37.46', '2015-12-04 16:40:30'),
(417, 'cat', 12, '', 2, '59.127.37.46', '2015-12-04 16:40:40'),
(418, 'cat', 12, '店家 - 商品,ID_8', 3, '59.127.37.46', '2015-12-04 16:43:01'),
(419, 'admin', 1, '成功', 0, '122.116.144.34', '2015-12-07 11:56:50'),
(420, 'admin', 7, '', 2, '122.116.144.34', '2015-12-07 11:57:09'),
(421, 'admin', 1, '成功', 0, '122.116.144.34', '2015-12-07 15:08:10'),
(422, 'admin', 1, '列表', 2, '122.116.144.34', '2015-12-07 15:13:44'),
(423, 'admin', 9, '', 2, '122.116.144.34', '2015-12-07 15:13:57'),
(424, 'admin', 5, '', 2, '122.116.144.34', '2015-12-07 15:14:00'),
(425, 'admin', 6, '', 2, '122.116.144.34', '2015-12-07 15:14:04'),
(426, 'admin', 5, '', 2, '122.116.144.34', '2015-12-07 15:14:05'),
(427, 'admin', 5, '商品 - 一階分類 - 文具,ID_1', 4, '122.116.144.34', '2015-12-07 15:14:21'),
(428, 'admin', 5, '商品 - 一階分類 - 包包1,ID_2', 4, '122.116.144.34', '2015-12-07 15:14:30'),
(429, 'admin', 6, '', 2, '122.116.144.34', '2015-12-07 15:14:34'),
(430, 'admin', 5, '', 2, '122.116.144.34', '2015-12-07 15:14:38'),
(431, 'admin', 5, '商品 - 一階分類 - 包包,ID_2', 4, '122.116.144.34', '2015-12-07 15:14:43'),
(432, 'admin', 6, '', 2, '122.116.144.34', '2015-12-07 15:14:46'),
(433, 'admin', 6, '商品 - 二階分類 - 書寫筆,ID_2', 4, '122.116.144.34', '2015-12-07 15:15:01'),
(434, 'admin', 6, '商品 - 二階分類 - 其他,ID_1', 4, '122.116.144.34', '2015-12-07 15:15:08'),
(435, 'admin', 6, '商品 - 二階分類 - 手拿包,ID_4', 4, '122.116.144.34', '2015-12-07 15:15:17'),
(436, 'admin', 6, '商品 - 二階分類 - 其他,ID_3', 4, '122.116.144.34', '2015-12-07 15:15:24'),
(437, 'admin', 1, '列表', 2, '122.116.144.34', '2015-12-07 15:15:39'),
(438, 'admin', 1, '1筆資料(''4'')', 5, '122.116.144.34', '2015-12-07 15:15:44'),
(439, 'admin', 1, '1筆資料(''7'')', 5, '122.116.144.34', '2015-12-07 15:15:47'),
(440, 'admin', 6, '', 2, '122.116.144.34', '2015-12-07 15:15:55'),
(441, 'admin', 1, '列表', 2, '122.116.144.34', '2015-12-07 15:15:58'),
(442, 'admin', 1, '9buy', 3, '122.116.144.34', '2015-12-07 15:18:23'),
(443, 'admin', 7, '', 2, '122.116.144.34', '2015-12-07 15:18:33'),
(444, 'admin', 7, '商品 - 商品,ID_8', 4, '122.116.144.34', '2015-12-07 15:20:32'),
(445, 'admin', 7, '', 2, '122.116.144.34', '2015-12-07 15:21:08'),
(446, 'admin', 7, '商品 - 商品,ID_8', 4, '122.116.144.34', '2015-12-07 15:21:45'),
(447, 'admin', 1, '成功', 0, '122.116.144.34', '2015-12-07 15:23:46'),
(448, 'admin', 7, '', 2, '122.116.144.34', '2015-12-07 15:24:28'),
(449, 'admin', 7, '商品 - 商品,ID_8', 4, '122.116.144.34', '2015-12-07 15:24:43'),
(450, 'admin', 8, '', 2, '122.116.144.34', '2015-12-07 15:31:17'),
(451, 'admin', 10, '', 2, '122.116.144.34', '2015-12-07 15:31:41'),
(452, 'admin', 1, '操作記錄', 2, '122.116.144.34', '2015-12-07 15:31:45'),
(453, 'admin', 1, '列表', 2, '122.116.144.34', '2015-12-07 15:31:47'),
(454, 'admin', 2, '', 2, '122.116.144.34', '2015-12-07 15:32:14'),
(455, 'admin', 2, '首頁 - BANNER,ID_2', 4, '122.116.144.34', '2015-12-07 15:32:30'),
(456, 'admin', 3, '', 2, '122.116.144.34', '2015-12-07 15:32:33'),
(457, 'admin', 3, '首頁 - 小廣告,ID_3', 4, '122.116.144.34', '2015-12-07 15:32:43'),
(458, 'admin', 3, '首頁 - 小廣告,ID_1', 4, '122.116.144.34', '2015-12-07 15:32:57'),
(459, 'admin', 3, '首頁 - 小廣告,ID_2', 4, '122.116.144.34', '2015-12-07 15:33:08'),
(460, 'admin', 3, '首頁 - 小廣告,ID_4', 3, '122.116.144.34', '2015-12-07 15:33:24'),
(461, 'admin', 1, '成功', 0, '59.127.37.46', '2015-12-07 15:40:41'),
(462, 'admin', 7, '', 2, '59.127.37.46', '2015-12-07 15:40:46'),
(463, 'admin', 9, '', 2, '59.127.37.46', '2015-12-07 15:40:55'),
(464, 'admin', 8, '', 2, '59.127.37.46', '2015-12-07 15:40:58'),
(465, 'admin', 2, '', 2, '59.127.37.46', '2015-12-07 15:41:03'),
(466, 'admin', 1, '列表', 2, '122.116.144.34', '2015-12-07 15:43:55'),
(467, 'admin', 1, '9buy', 4, '122.116.144.34', '2015-12-07 15:44:13'),
(468, 'admin', 7, '', 2, '59.127.37.46', '2015-12-07 15:44:42'),
(469, 'admin', 1, '列表', 2, '122.116.144.34', '2015-12-07 15:45:03'),
(470, 'admin', 7, '商品 - 商品,ID_1', 4, '59.127.37.46', '2015-12-07 15:45:20'),
(471, 'admin', 8, '', 2, '122.116.144.34', '2015-12-07 15:45:27'),
(472, 'admin', 7, '商品 - 商品,ID_7', 4, '59.127.37.46', '2015-12-07 15:45:31'),
(473, 'admin', 7, '商品 - 商品,ID_5', 4, '59.127.37.46', '2015-12-07 15:45:49'),
(474, 'admin', 7, '商品 - 商品,ID_4', 4, '59.127.37.46', '2015-12-07 15:46:01'),
(475, 'admin', 7, '商品 - 商品,ID_2', 4, '59.127.37.46', '2015-12-07 15:46:14'),
(476, 'admin', 7, '商品 - 商品,ID_3', 4, '59.127.37.46', '2015-12-07 15:46:26'),
(477, 'admin', 1, '成功', 0, '59.127.37.46', '2015-12-08 11:04:47'),
(478, 'admin', 8, '', 2, '59.127.37.46', '2015-12-08 11:04:54'),
(479, 'admin', 8, '1筆資料(''19'')', 5, '59.127.37.46', '2015-12-08 11:07:11'),
(480, 'admin', 8, '', 2, '59.127.37.46', '2015-12-08 11:08:06'),
(481, 'admin', 8, '1筆資料(''20'')', 5, '59.127.37.46', '2015-12-08 11:08:12'),
(482, 'admin', 8, '', 2, '59.127.37.46', '2015-12-08 11:08:14'),
(483, 'admin', 8, '1筆資料(''22'')', 5, '59.127.37.46', '2015-12-08 11:24:47'),
(484, 'admin', 8, '1筆資料(''21'')', 5, '59.127.37.46', '2015-12-08 11:24:51'),
(485, 'admin', 8, '', 2, '59.127.37.46', '2015-12-08 11:48:30'),
(486, 'admin', 1, '成功', 0, '59.127.37.46', '2015-12-08 14:17:26'),
(487, 'admin', 7, '', 2, '59.127.37.46', '2015-12-08 14:17:31'),
(488, 'admin', 1, '成功', 0, '59.127.37.46', '2015-12-08 15:18:39'),
(489, 'admin', 7, '', 2, '59.127.37.46', '2015-12-08 15:18:47'),
(490, 'admin', 7, '商品 - 商品,ID_7', 4, '59.127.37.46', '2015-12-08 15:35:15'),
(491, 'admin', 7, '', 2, '59.127.37.46', '2015-12-08 15:36:10'),
(492, 'admin', 1, '成功', 0, '59.127.37.46', '2015-12-08 16:28:18'),
(493, 'admin', 1, '成功', 0, '122.116.144.34', '2015-12-15 13:46:21'),
(494, 'admin', 7, '', 2, '122.116.144.34', '2015-12-15 13:46:28'),
(495, 'admin', 1, '成功', 0, '59.127.37.46', '2015-12-21 12:01:14'),
(496, 'admin', 5, '', 2, '59.127.37.46', '2015-12-21 12:03:06'),
(497, 'admin', 6, '', 2, '59.127.37.46', '2015-12-21 12:03:08'),
(498, 'admin', 7, '', 2, '59.127.37.46', '2015-12-21 12:03:11'),
(499, 'admin', 6, '', 2, '59.127.37.46', '2015-12-21 12:03:13'),
(500, 'admin', 5, '', 2, '59.127.37.46', '2015-12-21 12:03:13'),
(501, 'admin', 7, '', 2, '59.127.37.46', '2015-12-21 12:04:12'),
(502, 'admin', 7, '商品 - 商品,ID_7', 4, '59.127.37.46', '2015-12-21 12:04:33'),
(503, 'admin', 7, '', 2, '59.127.37.46', '2015-12-21 12:06:13'),
(504, 'admin', 1, '成功', 0, '122.116.144.34', '2015-12-22 09:58:43'),
(505, 'admin', 7, '', 2, '122.116.144.34', '2015-12-22 10:12:35'),
(506, 'admin', 1, '成功', 0, '122.116.144.34', '2015-12-22 11:03:27'),
(507, 'admin', 9, '', 2, '122.116.144.34', '2015-12-22 11:03:35'),
(508, 'admin', 1, '成功', 0, '122.116.144.34', '2015-12-22 11:08:23'),
(509, 'admin', 2, '', 2, '122.116.144.34', '2015-12-22 11:08:41'),
(510, 'admin', 2, '首頁 - BANNER,ID_2', 4, '122.116.144.34', '2015-12-22 11:09:04'),
(511, 'admin', 7, '', 2, '122.116.144.34', '2015-12-22 11:16:04'),
(512, 'admin', 1, '成功', 0, '122.116.144.34', '2015-12-22 13:38:53'),
(513, 'admin', 7, '', 2, '122.116.144.34', '2015-12-22 13:39:26'),
(514, 'admin', 7, '商品 - 商品,ID_8', 4, '122.116.144.34', '2015-12-22 13:40:56'),
(515, 'admin', 7, '', 2, '122.116.144.34', '2015-12-22 14:01:51'),
(516, 'admin', 7, '商品 - 商品,ID_7', 4, '122.116.144.34', '2015-12-22 14:02:29'),
(517, 'admin', 7, '商品 - 商品,ID_8', 4, '122.116.144.34', '2015-12-22 14:13:30'),
(518, 'admin', 7, '商品 - 商品,ID_6', 4, '122.116.144.34', '2015-12-22 14:42:49'),
(519, 'admin', 7, '商品 - 商品,ID_8', 4, '122.116.144.34', '2015-12-22 14:52:33'),
(520, 'admin', 10, '', 2, '122.116.144.34', '2015-12-22 15:09:05'),
(521, 'admin', 2, '', 2, '122.116.144.34', '2015-12-22 15:09:09'),
(522, 'admin', 3, '', 2, '122.116.144.34', '2015-12-22 15:09:11'),
(523, 'admin', 1, '操作記錄', 2, '122.116.144.34', '2015-12-22 15:09:24'),
(524, 'admin', 1, '列表', 2, '122.116.144.34', '2015-12-22 15:09:26'),
(525, 'admin', 1, '成功', 0, '59.127.37.46', '2015-12-24 10:31:14'),
(526, 'admin', 1, '成功', 0, '59.127.37.46', '2015-12-25 15:43:58'),
(527, 'admin', 7, '', 2, '59.127.37.46', '2015-12-25 15:44:08'),
(528, 'admin', 7, '商品 - 商品,ID_8', 4, '59.127.37.46', '2015-12-25 15:44:26'),
(529, 'admin', 7, '商品 - 商品,ID_7', 4, '59.127.37.46', '2015-12-25 15:44:37'),
(530, 'admin', 7, '商品 - 商品,ID_6', 4, '59.127.37.46', '2015-12-25 15:44:52'),
(531, 'admin', 7, '商品 - 商品,ID_1', 4, '59.127.37.46', '2015-12-25 15:45:02'),
(532, 'admin', 7, '商品 - 商品,ID_5', 4, '59.127.37.46', '2015-12-25 15:45:14'),
(533, 'admin', 7, '商品 - 商品,ID_4', 4, '59.127.37.46', '2015-12-25 15:45:26'),
(534, 'admin', 7, '商品 - 商品,ID_2', 4, '59.127.37.46', '2015-12-25 15:45:39'),
(535, 'admin', 7, '商品 - 商品,ID_3', 4, '59.127.37.46', '2015-12-25 15:45:55'),
(536, 'admin', 8, '', 2, '59.127.37.46', '2015-12-25 15:49:43'),
(537, 'admin', 1, '成功', 0, '59.127.37.46', '2015-12-25 20:09:28'),
(538, 'admin', 8, '', 2, '59.127.37.46', '2015-12-25 20:09:58'),
(539, 'admin', 1, '成功', 0, '122.116.144.34', '2015-12-28 14:45:32'),
(540, 'admin', 7, '', 2, '122.116.144.34', '2015-12-28 14:45:48'),
(541, 'admin', 1, '成功', 0, '122.116.144.34', '2015-12-28 15:42:36'),
(542, 'admin', 7, '', 2, '122.116.144.34', '2015-12-28 15:42:41'),
(543, 'admin', 1, '成功', 0, '59.127.37.46', '2016-01-12 11:40:45'),
(544, 'admin', 9, '', 2, '59.127.37.46', '2016-01-12 11:40:50'),
(545, 'admin', 5, '', 2, '59.127.37.46', '2016-01-12 11:40:57'),
(546, 'admin', 6, '', 2, '59.127.37.46', '2016-01-12 11:40:59'),
(547, 'admin', 7, '', 2, '59.127.37.46', '2016-01-12 11:41:01'),
(548, 'admin', 1, '成功', 0, '59.127.37.46', '2016-01-12 14:42:53'),
(549, 'admin', 8, '', 2, '59.127.37.46', '2016-01-12 14:42:59'),
(550, 'admin', 10, '', 2, '59.127.37.46', '2016-01-12 14:43:14'),
(551, 'admin', 1, '列表', 2, '59.127.37.46', '2016-01-12 14:43:17'),
(552, 'admin', 5, '', 2, '59.127.37.46', '2016-01-12 14:43:22'),
(553, 'admin', 6, '', 2, '59.127.37.46', '2016-01-12 14:43:23'),
(554, 'admin', 7, '', 2, '59.127.37.46', '2016-01-12 14:43:24'),
(555, 'admin', 9, '', 2, '59.127.37.46', '2016-01-12 15:33:37'),
(556, 'admin', 1, '列表', 2, '59.127.37.46', '2016-01-12 15:38:41'),
(557, 'admin', 9, '', 2, '59.127.37.46', '2016-01-12 15:39:45'),
(558, 'admin', 1, '列表', 2, '59.127.37.46', '2016-01-12 15:40:11'),
(559, 'admin', 1, 'cat', 4, '59.127.37.46', '2016-01-12 15:40:21'),
(560, 'admin', 1, '列表', 2, '59.127.37.46', '2016-01-12 15:40:29'),
(561, 'admin', 9, '', 2, '59.127.37.46', '2016-01-12 15:41:56'),
(562, 'admin', 1, '成功', 0, '59.127.37.46', '2016-01-12 15:54:12'),
(563, 'admin', 1, '列表', 2, '59.127.37.46', '2016-01-12 15:54:40'),
(564, 'test3', 1, '登入失敗-帳密不正確', 0, '59.127.37.46', '2016-01-12 15:55:29'),
(565, 'test3', 1, '登入失敗-帳密不正確', 0, '59.127.37.46', '2016-01-12 15:55:38'),
(566, 'test3', 1, '成功', 0, '59.127.37.46', '2016-01-12 15:55:44'),
(567, 'admin', 1, '成功', 0, '59.127.37.46', '2016-01-12 15:56:10'),
(568, 'admin', 1, '列表', 2, '59.127.37.46', '2016-01-12 15:56:17'),
(569, 'admin', 5, '', 2, '59.127.37.46', '2016-01-12 15:56:23'),
(570, 'admin', 6, '', 2, '59.127.37.46', '2016-01-12 15:56:24'),
(571, 'admin', 7, '', 2, '59.127.37.46', '2016-01-12 15:56:25'),
(572, 'admin', 8, '', 2, '59.127.37.46', '2016-01-12 15:56:34'),
(573, 'admin', 1, '列表', 2, '59.127.37.46', '2016-01-12 15:58:46'),
(574, 'admin', 8, '', 2, '59.127.37.46', '2016-01-12 15:59:09'),
(575, 'admin', 10, '', 2, '59.127.37.46', '2016-01-12 15:59:12'),
(576, 'admin', 1, '列表', 2, '59.127.37.46', '2016-01-12 15:59:22'),
(577, 'admin', 8, '', 2, '59.127.37.46', '2016-01-12 16:01:49'),
(578, 'admin', 1, '列表', 2, '59.127.37.46', '2016-01-12 16:02:29'),
(579, 'admin', 1, '操作記錄', 2, '59.127.37.46', '2016-01-12 16:02:33'),
(580, 'admin', 8, '', 2, '59.127.37.46', '2016-01-12 16:03:09'),
(581, 'admin', 8, '會員 - 會員列表,ID_18', 4, '59.127.37.46', '2016-01-12 16:10:42'),
(582, 'admin', 8, '會員 - 會員列表,ID_27', 4, '59.127.37.46', '2016-01-12 16:12:04'),
(583, 'admin', 8, '', 2, '59.127.37.46', '2016-01-12 16:14:32'),
(584, 'admin', 8, '會員 - 會員列表,ID_27', 4, '59.127.37.46', '2016-01-12 16:14:37'),
(585, 'admin', 8, '', 2, '59.127.37.46', '2016-01-12 16:16:16'),
(586, 'admin', 8, '1筆資料(''23'')', 5, '59.127.37.46', '2016-01-12 16:16:55'),
(587, 'admin', 8, '', 2, '59.127.37.46', '2016-01-12 16:16:58'),
(588, 'admin', 8, '', 2, '59.127.37.46', '2016-01-12 16:19:45'),
(589, 'admin', 10, '', 2, '59.127.37.46', '2016-01-12 16:31:53'),
(590, 'admin', 2, '', 2, '59.127.37.46', '2016-01-12 16:32:06'),
(591, 'admin', 3, '', 2, '59.127.37.46', '2016-01-12 16:32:07'),
(592, 'admin', 1, '列表', 2, '59.127.37.46', '2016-01-12 16:32:11'),
(593, 'admin', 1, '操作記錄', 2, '59.127.37.46', '2016-01-12 16:32:14'),
(594, 'admin', 1, '列表', 2, '59.127.37.46', '2016-01-12 17:00:22'),
(595, 'admin', 2, '', 2, '59.127.37.46', '2016-01-12 17:00:24'),
(596, 'admin', 8, '', 2, '59.127.37.46', '2016-01-12 17:00:26'),
(597, 'admin', 8, '會員 - 會員列表,ID_18', 4, '59.127.37.46', '2016-01-12 17:00:44'),
(598, 'admin', 8, '', 2, '59.127.37.46', '2016-01-12 17:00:52'),
(599, 'admin', 8, '會員 - 會員列表,ID_18', 4, '59.127.37.46', '2016-01-12 17:04:22'),
(600, 'admin', 5, '', 2, '59.127.37.46', '2016-01-12 17:22:15'),
(601, 'admin', 7, '', 2, '59.127.37.46', '2016-01-12 17:22:16'),
(602, 'admin', 9, '', 2, '59.127.37.46', '2016-01-12 17:22:17'),
(603, 'admin', 9, '201601120008', 4, '59.127.37.46', '2016-01-12 17:22:34'),
(604, 'admin', 9, '201601120007', 4, '59.127.37.46', '2016-01-12 17:22:46'),
(605, 'admin', 9, '201601120011', 4, '59.127.37.46', '2016-01-12 17:23:28'),
(606, 'admin', 9, '201601120010', 4, '59.127.37.46', '2016-01-12 17:24:08'),
(607, 'admin', 9, '', 2, '59.127.37.46', '2016-01-12 17:24:32'),
(608, 'admin', 9, '201601120011', 4, '59.127.37.46', '2016-01-12 17:24:47'),
(609, 'admin', 9, '201601120009', 4, '59.127.37.46', '2016-01-12 17:25:01'),
(610, 'admin', 9, '201601120008', 4, '59.127.37.46', '2016-01-12 17:25:18'),
(611, 'admin', 9, '201601120006', 4, '59.127.37.46', '2016-01-12 17:26:18'),
(612, 'admin', 9, '', 2, '59.127.37.46', '2016-01-12 17:27:41'),
(613, 'admin', 9, '201601120012', 4, '59.127.37.46', '2016-01-12 17:27:46'),
(614, 'admin', 9, '', 2, '59.127.37.46', '2016-01-12 17:36:26'),
(615, 'admin', 9, '201601120011', 4, '59.127.37.46', '2016-01-12 17:37:11'),
(616, 'admin', 9, '201601120005', 4, '59.127.37.46', '2016-01-12 17:37:33'),
(617, 'admin', 9, '', 2, '59.127.37.46', '2016-01-12 17:41:02'),
(618, 'admin', 5, '', 2, '59.127.37.46', '2016-01-12 17:41:04'),
(619, 'admin', 6, '', 2, '59.127.37.46', '2016-01-12 17:41:05'),
(620, 'admin', 7, '', 2, '59.127.37.46', '2016-01-12 17:41:06'),
(621, 'admin', 5, '', 2, '59.127.37.46', '2016-01-12 17:41:07'),
(622, 'admin', 5, '商品 - 一階分類 - 貓咪,ID_3', 3, '59.127.37.46', '2016-01-12 17:42:54'),
(623, 'admin', 5, '商品 - 一階分類 - 比較大的包包,ID_4', 3, '59.127.37.46', '2016-01-12 17:43:48'),
(624, 'admin', 6, '', 2, '59.127.37.46', '2016-01-12 17:44:05'),
(625, 'admin', 5, '', 2, '59.127.37.46', '2016-01-12 17:44:09'),
(626, 'admin', 6, '', 2, '59.127.37.46', '2016-01-12 17:44:22'),
(627, 'admin', 7, '', 2, '59.127.37.46', '2016-01-12 17:44:25'),
(628, 'admin', 6, '', 2, '59.127.37.46', '2016-01-12 17:44:26'),
(629, 'admin', 6, '商品 - 二階分類 - 愛らしいです貓咪,ID_5', 3, '59.127.37.46', '2016-01-12 17:45:09'),
(630, 'admin', 7, '', 2, '59.127.37.46', '2016-01-12 17:45:19'),
(631, 'admin', 7, '商品 - 商品,ID_9', 3, '59.127.37.46', '2016-01-12 17:47:11'),
(632, 'admin', 7, '', 2, '59.127.37.46', '2016-01-12 17:47:19'),
(633, 'admin', 6, '', 2, '59.127.37.46', '2016-01-12 17:50:18'),
(634, 'admin', 7, '', 2, '59.127.37.46', '2016-01-12 17:50:18'),
(635, 'admin', 5, '', 2, '59.127.37.46', '2016-01-12 17:50:22'),
(636, 'admin', 7, '', 2, '59.127.37.46', '2016-01-12 17:50:23'),
(637, 'admin', 8, '', 2, '59.127.37.46', '2016-01-12 17:50:26'),
(638, 'admin', 1, '列表', 2, '59.127.37.46', '2016-01-12 17:50:30'),
(639, 'admin', 1, 'pin', 3, '59.127.37.46', '2016-01-12 17:51:22'),
(640, 'pin', 1, '成功', 0, '59.127.37.46', '2016-01-12 17:51:43'),
(641, 'pin', 9, '', 2, '59.127.37.46', '2016-01-12 17:51:50'),
(642, 'pin', 11, '', 2, '59.127.37.46', '2016-01-12 17:51:54'),
(643, 'pin', 12, '', 2, '59.127.37.46', '2016-01-12 17:51:55'),
(644, 'pin', 13, 'pin', 4, '59.127.37.46', '2016-01-12 17:52:14'),
(645, 'pin', 11, '', 2, '59.127.37.46', '2016-01-12 17:52:16'),
(646, 'admin', 1, '成功', 0, '59.127.37.46', '2016-01-12 17:52:31'),
(647, 'admin', 1, '列表', 2, '59.127.37.46', '2016-01-12 17:52:37'),
(648, 'admin', 1, '操作記錄', 2, '59.127.37.46', '2016-01-12 17:52:39'),
(649, 'admin', 1, '列表', 2, '59.127.37.46', '2016-01-12 17:52:40'),
(650, 'admin', 1, 'pin', 4, '59.127.37.46', '2016-01-12 17:52:57'),
(651, 'pin', 1, '成功', 0, '59.127.37.46', '2016-01-12 17:53:12'),
(652, 'pin', 11, '', 2, '59.127.37.46', '2016-01-12 17:53:17'),
(653, 'pin', 12, '', 2, '59.127.37.46', '2016-01-12 17:53:18'),
(654, 'pin', 11, '', 2, '59.127.37.46', '2016-01-12 17:53:25'),
(655, 'pin', 12, '', 2, '59.127.37.46', '2016-01-12 17:53:45'),
(656, 'admin', 1, '成功', 0, '59.127.37.46', '2016-01-12 17:54:02'),
(657, 'admin', 1, '列表', 2, '59.127.37.46', '2016-01-12 17:54:09'),
(658, 'admin', 1, 'pin', 4, '59.127.37.46', '2016-01-12 17:54:17'),
(659, 'pin', 1, '成功', 0, '59.127.37.46', '2016-01-12 17:54:28'),
(660, 'pin', 11, '', 2, '59.127.37.46', '2016-01-12 17:54:33'),
(661, 'pin', 12, '', 2, '59.127.37.46', '2016-01-12 17:54:33'),
(662, 'admin', 1, '成功', 0, '59.127.37.46', '2016-01-12 17:55:28'),
(663, 'admin', 1, '列表', 2, '59.127.37.46', '2016-01-12 17:55:33'),
(664, 'admin', 1, 'pin', 4, '59.127.37.46', '2016-01-12 17:55:45'),
(665, 'admin', 1, '列表', 2, '59.127.37.46', '2016-01-12 17:56:04'),
(666, 'admin', 1, 'pin', 4, '59.127.37.46', '2016-01-12 17:56:21'),
(667, 'admin', 8, '', 2, '59.127.37.46', '2016-01-12 17:56:25'),
(668, 'admin', 1, '列表', 2, '59.127.37.46', '2016-01-12 17:57:35'),
(669, 'admin', 10, '', 2, '59.127.37.46', '2016-01-12 17:57:41'),
(670, 'admin', 8, '', 2, '59.127.37.46', '2016-01-12 17:57:43'),
(671, 'admin', 10, '', 2, '59.127.37.46', '2016-01-12 17:58:02'),
(672, 'admin', 8, '', 2, '59.127.37.46', '2016-01-12 17:58:05'),
(673, 'admin', 10, '', 2, '59.127.37.46', '2016-01-12 18:00:57'),
(674, 'admin', 8, '', 2, '59.127.37.46', '2016-01-12 18:01:01'),
(675, 'admin', 8, '1筆資料(''28'')', 5, '59.127.37.46', '2016-01-12 18:01:38'),
(676, 'admin', 8, '', 2, '59.127.37.46', '2016-01-12 18:01:41'),
(677, 'admin', 8, '會員 - 會員列表,ID_18', 4, '59.127.37.46', '2016-01-12 18:01:54'),
(678, 'admin', 8, '', 2, '59.127.37.46', '2016-01-12 18:02:27'),
(679, 'admin', 7, '', 2, '59.127.37.46', '2016-01-12 18:03:40'),
(680, 'admin', 6, '', 2, '59.127.37.46', '2016-01-12 18:03:40'),
(681, 'admin', 5, '', 2, '59.127.37.46', '2016-01-12 18:03:42'),
(682, 'admin', 9, '', 2, '59.127.37.46', '2016-01-12 18:03:43'),
(683, 'admin', 7, '', 2, '59.127.37.46', '2016-01-12 18:03:47'),
(684, 'admin', 6, '', 2, '59.127.37.46', '2016-01-12 18:03:48'),
(685, 'admin', 5, '', 2, '59.127.37.46', '2016-01-12 18:03:49'),
(686, 'admin', 5, '1筆資料(''4'')', 5, '59.127.37.46', '2016-01-12 18:03:51'),
(687, 'admin', 10, '', 2, '59.127.37.46', '2016-01-12 18:03:54'),
(688, 'admin', 10, '運費 - 運費設定,ID_3', 3, '59.127.37.46', '2016-01-12 18:04:17'),
(689, 'admin', 10, '運費 - 運費設定,ID_4', 3, '59.127.37.46', '2016-01-12 18:05:17'),
(690, 'admin', 10, '', 2, '59.127.37.46', '2016-01-12 18:05:57'),
(691, 'admin', 2, '', 2, '59.127.37.46', '2016-01-12 18:09:04'),
(692, 'admin', 2, '首頁 - BANNER,ID_3', 3, '59.127.37.46', '2016-01-12 18:09:41'),
(693, 'admin', 2, '', 2, '59.127.37.46', '2016-01-12 18:10:20'),
(694, 'admin', 2, '首頁 - BANNER,ID_3', 4, '59.127.37.46', '2016-01-12 18:10:44'),
(695, 'admin', 2, '1筆資料(''3'')', 5, '59.127.37.46', '2016-01-12 18:11:01'),
(696, 'admin', 3, '', 2, '59.127.37.46', '2016-01-12 18:11:07'),
(697, 'admin', 3, '首頁 - 小廣告,ID_5', 3, '59.127.37.46', '2016-01-12 18:11:38'),
(698, 'admin', 3, '1筆資料(''5'')', 5, '59.127.37.46', '2016-01-12 18:12:06'),
(699, 'admin', 3, '', 2, '59.127.37.46', '2016-01-12 18:12:20'),
(700, 'admin', 2, '', 2, '59.127.37.46', '2016-01-12 18:14:08'),
(701, 'admin', 5, '', 2, '59.127.37.46', '2016-01-12 18:14:11'),
(702, 'admin', 6, '', 2, '59.127.37.46', '2016-01-12 18:14:11'),
(703, 'admin', 5, '', 2, '59.127.37.46', '2016-01-12 18:14:12'),
(704, 'admin', 7, '', 2, '59.127.37.46', '2016-01-12 18:14:13'),
(705, 'admin', 1, '列表', 2, '59.127.37.46', '2016-01-12 18:15:31'),
(706, 'admin', 1, '操作記錄', 2, '59.127.37.46', '2016-01-12 18:15:34'),
(707, 'admin', 1, '列表', 2, '59.127.37.46', '2016-01-12 18:15:35'),
(708, 'admin', 1, 'pin', 4, '59.127.37.46', '2016-01-12 18:15:42'),
(709, 'admin', 1, '列表', 2, '59.127.37.46', '2016-01-12 18:15:43'),
(710, 'admin', 1, '操作記錄', 2, '59.127.37.46', '2016-01-12 18:15:45'),
(711, 'pin', 1, '成功', 0, '59.127.37.46', '2016-01-12 18:16:15'),
(712, 'pin', 11, '', 2, '59.127.37.46', '2016-01-12 18:16:20'),
(713, 'pin', 5, '', 2, '59.127.37.46', '2016-01-12 18:16:22'),
(714, 'pin', 7, '', 2, '59.127.37.46', '2016-01-12 18:16:23'),
(715, 'pin', 11, '', 2, '59.127.37.46', '2016-01-12 18:16:33'),
(716, 'pin', 12, '', 2, '59.127.37.46', '2016-01-12 18:16:34'),
(717, 'admin', 1, '成功', 0, '59.127.37.46', '2016-01-12 18:17:15'),
(718, 'admin', 1, '列表', 2, '59.127.37.46', '2016-01-12 18:17:21'),
(719, 'admin', 1, 'pin', 4, '59.127.37.46', '2016-01-12 18:17:29'),
(720, 'pin', 1, '成功', 0, '59.127.37.46', '2016-01-12 18:17:41'),
(721, 'pin', 11, '', 2, '59.127.37.46', '2016-01-12 18:17:45'),
(722, 'pin', 12, '', 2, '59.127.37.46', '2016-01-12 18:17:47'),
(723, 'pin', 11, '', 2, '59.127.37.46', '2016-01-12 18:17:50'),
(724, 'pin', 12, '', 2, '59.127.37.46', '2016-01-12 18:17:50'),
(725, 'pin', 11, '', 2, '59.127.37.46', '2016-01-12 18:18:19'),
(726, 'pin', 12, '', 2, '59.127.37.46', '2016-01-12 18:18:20'),
(727, 'pin', 11, '', 2, '59.127.37.46', '2016-01-12 18:18:21'),
(728, 'pin', 12, '', 2, '59.127.37.46', '2016-01-12 18:18:23'),
(729, 'pin', 11, '', 2, '59.127.37.46', '2016-01-12 18:21:23'),
(730, 'admin', 1, '成功', 0, '59.127.37.46', '2016-01-12 18:21:43'),
(731, 'admin', 1, '列表', 2, '59.127.37.46', '2016-01-12 18:21:48'),
(732, 'admin', 1, 'cat', 4, '59.127.37.46', '2016-01-12 18:22:03'),
(733, 'cat', 1, '成功', 0, '59.127.37.46', '2016-01-12 18:22:16'),
(734, 'cat33', 11, '', 2, '59.127.37.46', '2016-01-12 18:22:21'),
(735, 'cat', 11, '201601120002', 4, '59.127.37.46', '2016-01-12 18:22:29'),
(736, 'cat', 12, '', 2, '59.127.37.46', '2016-01-12 18:23:04'),
(737, 'cat33', 11, '', 2, '59.127.37.46', '2016-01-12 18:23:05'),
(738, 'cat', 12, '', 2, '59.127.37.46', '2016-01-12 18:23:05'),
(739, 'cat33', 11, '', 2, '59.127.37.46', '2016-01-12 18:23:55'),
(740, 'cat', 11, '201601120016', 4, '59.127.37.46', '2016-01-12 18:31:54'),
(741, 'cat', 11, '201601120014', 4, '59.127.37.46', '2016-01-12 18:32:16'),
(742, 'cat', 13, 'cat', 4, '59.127.37.46', '2016-01-12 18:33:01'),
(743, 'cat', 12, '', 2, '59.127.37.46', '2016-01-12 18:33:04'),
(744, 'cat33', 11, '', 2, '59.127.37.46', '2016-01-12 18:33:14'),
(745, 'cat', 12, '', 2, '59.127.37.46', '2016-01-12 18:33:18'),
(746, 'cat33', 11, '', 2, '59.127.37.46', '2016-01-12 18:33:24'),
(747, 'admin', 1, '成功', 0, '59.127.37.46', '2016-01-12 18:34:52'),
(748, 'admin', 10, '', 2, '59.127.37.46', '2016-01-12 18:34:57'),
(749, 'admin', 2, '', 2, '59.127.37.46', '2016-01-12 18:34:58'),
(750, 'admin', 3, '', 2, '59.127.37.46', '2016-01-12 18:34:59'),
(751, 'admin', 9, '', 2, '59.127.37.46', '2016-01-12 18:35:04'),
(752, 'admin', 5, '', 2, '59.127.37.46', '2016-01-12 18:35:47'),
(753, 'admin', 6, '', 2, '59.127.37.46', '2016-01-12 18:35:49'),
(754, 'admin', 7, '', 2, '59.127.37.46', '2016-01-12 18:35:49'),
(755, 'admin', 8, '', 2, '59.127.37.46', '2016-01-12 18:35:56'),
(756, 'admin', 10, '', 2, '59.127.37.46', '2016-01-12 18:35:58'),
(757, 'admin', 2, '', 2, '59.127.37.46', '2016-01-12 18:36:00'),
(758, 'admin', 3, '', 2, '59.127.37.46', '2016-01-12 18:36:01'),
(759, 'admin', 1, '列表', 2, '59.127.37.46', '2016-01-12 18:36:30'),
(760, 'admin', 1, 'pic', 3, '59.127.37.46', '2016-01-12 18:38:03'),
(761, 'admin', 1, '列表', 2, '59.127.37.46', '2016-01-12 18:38:06'),
(762, 'admin', 1, '1筆資料(''12'')', 5, '59.127.37.46', '2016-01-12 18:38:16'),
(763, 'admin', 1, '列表', 2, '59.127.37.46', '2016-01-12 18:38:17'),
(764, 'admin', 1, 'pic', 3, '59.127.37.46', '2016-01-12 18:38:53'),
(765, 'admin', 1, '列表', 2, '59.127.37.46', '2016-01-12 18:39:00'),
(766, 'admin', 1, '操作記錄', 2, '59.127.37.46', '2016-01-12 18:39:02'),
(767, 'admin', 1, '列表', 2, '59.127.37.46', '2016-01-12 18:39:04'),
(768, 'admin', 1, 'pic', 4, '59.127.37.46', '2016-01-12 18:39:26'),
(769, 'pic', 1, '成功', 0, '59.127.37.46', '2016-01-12 18:39:37'),
(770, 'pic', 1, '列表', 2, '59.127.37.46', '2016-01-12 18:39:42'),
(771, 'pic', 1, '操作記錄', 2, '59.127.37.46', '2016-01-12 18:39:42'),
(772, 'pic', 1, '列表', 2, '59.127.37.46', '2016-01-12 18:39:43'),
(773, 'admin', 1, '成功', 0, '59.127.37.46', '2016-01-12 18:39:55'),
(774, 'admin', 1, '列表', 2, '59.127.37.46', '2016-01-12 18:40:00'),
(775, 'admin', 1, '1筆資料(''13'')', 5, '59.127.37.46', '2016-01-12 18:40:04');
INSERT INTO `925_log` (`log_id`, `log_name`, `log_type`, `log_comment`, `log_action`, `log_ip`, `log_create_time`) VALUES
(776, 'admin', 1, '列表', 2, '59.127.37.46', '2016-01-12 18:40:05'),
(777, 'admin', 5, '', 2, '59.127.37.46', '2016-01-12 18:45:50'),
(778, 'admin', 6, '', 2, '59.127.37.46', '2016-01-12 18:45:51'),
(779, 'admin', 7, '', 2, '59.127.37.46', '2016-01-12 18:45:53'),
(780, 'admin', 9, '', 2, '59.127.37.46', '2016-01-12 18:45:55'),
(781, 'admin', 9, '201601120019', 4, '59.127.37.46', '2016-01-12 18:46:04'),
(782, 'admin', 9, '201601120018', 4, '59.127.37.46', '2016-01-12 18:46:08'),
(783, 'admin', 9, '201601120017', 4, '59.127.37.46', '2016-01-12 18:46:11'),
(784, 'admin', 9, '', 2, '59.127.37.46', '2016-01-12 18:46:14'),
(785, 'admin', 7, '', 2, '59.127.37.46', '2016-01-12 19:01:18'),
(786, 'admin', 1, '成功', 0, '59.127.37.46', '2016-01-13 09:52:14'),
(787, 'admin', 1, '列表', 2, '59.127.37.46', '2016-01-13 10:05:08'),
(788, 'admin', 9, '', 2, '59.127.37.46', '2016-01-13 10:05:18'),
(789, 'pin', 1, '成功', 0, '59.127.37.46', '2016-01-13 10:05:31'),
(790, 'pin', 11, '', 2, '59.127.37.46', '2016-01-13 10:05:36'),
(791, 'pin', 12, '', 2, '59.127.37.46', '2016-01-13 10:05:38'),
(792, 'admin', 1, '成功', 0, '59.127.37.46', '2016-01-13 10:05:54'),
(793, 'admin', 9, '', 2, '59.127.37.46', '2016-01-13 10:06:08'),
(794, 'admin', 8, '', 2, '59.127.37.46', '2016-01-13 10:06:38'),
(795, 'admin', 10, '', 2, '59.127.37.46', '2016-01-13 10:07:07'),
(796, 'admin', 2, '', 2, '59.127.37.46', '2016-01-13 10:07:30'),
(797, 'admin', 3, '', 2, '59.127.37.46', '2016-01-13 10:07:31'),
(798, 'admin', 7, '', 2, '59.127.37.46', '2016-01-13 10:10:06'),
(799, 'admin', 7, '商品 - 商品,ID_9', 4, '59.127.37.46', '2016-01-13 10:11:15'),
(800, 'admin', 7, '', 2, '59.127.37.46', '2016-01-13 10:13:37'),
(801, 'admin', 1, '成功', 0, '59.127.37.46', '2016-01-13 17:14:02'),
(802, 'admin', 1, '成功', 0, '59.127.37.46', '2016-01-14 10:52:15'),
(803, 'admin', 10, '', 2, '59.127.37.46', '2016-01-14 10:52:20'),
(804, 'admin', 7, '', 2, '59.127.37.46', '2016-01-14 10:56:29'),
(805, 'admin', 9, '', 2, '59.127.37.46', '2016-01-14 11:25:32'),
(806, 'admin', 1, '成功', 0, '59.127.37.46', '2016-01-14 14:16:28'),
(807, 'admin', 9, '', 2, '59.127.37.46', '2016-01-14 14:16:34'),
(808, 'admin', 8, '', 2, '59.127.37.46', '2016-01-14 14:16:37'),
(809, 'admin', 1, '列表', 2, '59.127.37.46', '2016-01-14 14:16:39'),
(810, 'admin', 1, '操作記錄', 2, '59.127.37.46', '2016-01-14 14:16:41'),
(811, 'admin', 10, '', 2, '59.127.37.46', '2016-01-14 14:16:43'),
(812, 'admin', 8, '', 2, '59.127.37.46', '2016-01-14 14:16:45'),
(813, 'admin', 5, '', 2, '59.127.37.46', '2016-01-14 14:16:51'),
(814, 'admin', 7, '', 2, '59.127.37.46', '2016-01-14 14:16:52'),
(815, 'admin', 9, '', 2, '59.127.37.46', '2016-01-14 14:16:54'),
(816, 'admin', 8, '', 2, '59.127.37.46', '2016-01-14 14:27:05'),
(817, 'admin', 1, '列表', 2, '59.127.37.46', '2016-01-14 14:27:08'),
(818, 'admin', 5, '', 2, '59.127.37.46', '2016-01-14 14:27:12'),
(819, 'admin', 6, '', 2, '59.127.37.46', '2016-01-14 14:27:13'),
(820, 'admin', 7, '', 2, '59.127.37.46', '2016-01-14 14:27:14'),
(821, 'admin', 1, '成功', 0, '59.127.37.46', '2016-01-14 17:46:36'),
(822, 'admin', 8, '', 2, '59.127.37.46', '2016-01-14 17:46:44'),
(823, 'admin', 1, '成功', 0, '59.127.37.46', '2016-01-15 15:04:42'),
(824, 'admin', 8, '', 2, '59.127.37.46', '2016-01-15 15:06:46'),
(825, 'admin', 1, '列表', 2, '59.127.37.46', '2016-01-15 15:06:52'),
(826, 'admin', 8, '', 2, '59.127.37.46', '2016-01-15 15:06:54'),
(827, 'admin', 8, '1筆資料(''29'')', 5, '59.127.37.46', '2016-01-15 15:07:19'),
(828, 'admin', 8, '', 2, '59.127.37.46', '2016-01-15 15:11:07'),
(829, 'admin', 8, '1筆資料(''30'')', 5, '59.127.37.46', '2016-01-15 15:11:09'),
(830, 'admin', 8, '', 2, '59.127.37.46', '2016-01-15 15:11:20'),
(831, 'admin', 8, '1筆資料(''31'')', 5, '59.127.37.46', '2016-01-15 15:11:22'),
(832, 'admin', 8, '', 2, '59.127.37.46', '2016-01-15 15:11:24'),
(833, 'admin', 5, '', 2, '59.127.37.46', '2016-01-15 15:30:59'),
(834, 'admin', 9, '', 2, '59.127.37.46', '2016-01-15 15:31:02'),
(835, 'admin', 9, '201601150001', 4, '59.127.37.46', '2016-01-15 15:31:09'),
(836, 'admin', 9, '201601150002', 4, '59.127.37.46', '2016-01-15 15:31:38'),
(837, 'admin', 9, '201601150003', 4, '59.127.37.46', '2016-01-15 15:34:56'),
(838, 'admin', 9, '201601150004', 4, '59.127.37.46', '2016-01-15 15:35:12'),
(839, 'admin', 9, '', 2, '59.127.37.46', '2016-01-15 15:35:40'),
(840, 'admin', 9, '201601150005', 4, '59.127.37.46', '2016-01-15 15:36:44'),
(841, 'admin', 9, '', 2, '59.127.37.46', '2016-01-15 15:37:04'),
(842, 'admin', 5, '', 2, '59.127.37.46', '2016-01-15 15:37:10'),
(843, 'admin', 9, '', 2, '59.127.37.46', '2016-01-15 15:37:12'),
(844, 'admin', 2, '', 2, '59.127.37.46', '2016-01-15 15:37:22'),
(845, 'admin', 8, '', 2, '59.127.37.46', '2016-01-15 15:37:31'),
(846, 'admin', 5, '', 2, '59.127.37.46', '2016-01-15 15:37:32'),
(847, 'admin', 9, '', 2, '59.127.37.46', '2016-01-15 15:37:34'),
(848, 'admin', 5, '', 2, '59.127.37.46', '2016-01-15 15:39:36'),
(849, 'admin', 9, '', 2, '59.127.37.46', '2016-01-15 15:39:38'),
(850, 'admin', 8, '', 2, '59.127.37.46', '2016-01-15 15:41:30'),
(851, 'admin', 8, '會員 - 會員列表,ID_27', 4, '59.127.37.46', '2016-01-15 15:41:58'),
(852, 'admin', 5, '', 2, '59.127.37.46', '2016-01-15 15:49:35'),
(853, 'admin', 5, '商品 - 一階分類 - 一朵花,ID_5', 3, '59.127.37.46', '2016-01-15 15:50:00'),
(854, 'admin', 6, '', 2, '59.127.37.46', '2016-01-15 15:50:02'),
(855, 'admin', 7, '', 2, '59.127.37.46', '2016-01-15 15:50:03'),
(856, 'admin', 5, '', 2, '59.127.37.46', '2016-01-15 15:50:04'),
(857, 'admin', 7, '', 2, '59.127.37.46', '2016-01-15 15:50:08'),
(858, 'admin', 6, '', 2, '59.127.37.46', '2016-01-15 15:50:09'),
(859, 'admin', 7, '', 2, '59.127.37.46', '2016-01-15 15:50:12'),
(860, 'admin', 5, '', 2, '59.127.37.46', '2016-01-15 15:50:12'),
(861, 'admin', 5, '1筆資料(''5'')', 5, '59.127.37.46', '2016-01-15 15:50:15'),
(862, 'admin', 8, '', 2, '59.127.37.46', '2016-01-15 15:50:40'),
(863, 'admin', 10, '', 2, '59.127.37.46', '2016-01-15 15:50:59'),
(864, 'admin', 1, '列表', 2, '59.127.37.46', '2016-01-15 15:53:11'),
(865, 'pin', 1, '成功', 0, '59.127.37.46', '2016-01-15 15:53:28'),
(866, 'pin', 12, '', 2, '59.127.37.46', '2016-01-15 15:53:33'),
(867, 'admin', 1, '成功', 0, '59.127.37.46', '2016-01-15 15:54:52'),
(868, 'admin', 5, '', 2, '59.127.37.46', '2016-01-15 15:54:59'),
(869, 'admin', 7, '', 2, '59.127.37.46', '2016-01-15 15:55:00'),
(870, 'admin', 9, '', 2, '59.127.37.46', '2016-01-15 15:55:02'),
(871, 'admin', 1, '成功', 0, '59.127.37.46', '2016-01-21 11:09:56'),
(872, 'admin', 2, '', 2, '59.127.37.46', '2016-01-21 11:10:11'),
(873, 'admin', 2, '首頁 - BANNER,ID_4', 3, '59.127.37.46', '2016-01-21 11:10:42'),
(874, 'admin', 2, '', 2, '59.127.37.46', '2016-01-21 11:19:16'),
(875, 'admin', 2, '首頁 - BANNER,ID_5', 3, '59.127.37.46', '2016-01-21 11:22:18'),
(876, 'admin', 2, '1筆資料(''5'')', 5, '59.127.37.46', '2016-01-21 11:23:17'),
(877, 'admin', 2, '1筆資料(''4'')', 5, '59.127.37.46', '2016-01-21 11:23:34'),
(878, 'admin', 2, '首頁 - BANNER,ID_6', 3, '59.127.37.46', '2016-01-21 11:23:45'),
(879, 'admin', 3, '', 2, '59.127.37.46', '2016-01-21 11:25:26'),
(880, 'admin', 3, '首頁 - 小廣告,ID_6', 3, '59.127.37.46', '2016-01-21 11:25:38'),
(881, 'admin', 3, '1筆資料(''6'')', 5, '59.127.37.46', '2016-01-21 11:26:14'),
(882, 'admin', 3, '', 2, '59.127.37.46', '2016-01-21 11:26:22'),
(883, 'admin', 10, '', 2, '59.127.37.46', '2016-01-21 11:29:04'),
(884, 'admin', 1, '列表', 2, '59.127.37.46', '2016-01-21 11:29:09'),
(885, 'admin', 10, '', 2, '59.127.37.46', '2016-01-21 11:29:42'),
(886, 'admin', 8, '', 2, '59.127.37.46', '2016-01-21 11:29:45'),
(887, 'admin', 9, '', 2, '59.127.37.46', '2016-01-21 11:29:58'),
(888, 'admin', 9, '201601150005', 4, '59.127.37.46', '2016-01-21 11:30:27'),
(889, 'admin', 9, '201601120020', 4, '59.127.37.46', '2016-01-21 11:30:52'),
(890, 'admin', 9, '201601120015', 4, '59.127.37.46', '2016-01-21 11:31:28'),
(891, 'admin', 9, '201601120013', 4, '59.127.37.46', '2016-01-21 11:32:14'),
(892, 'admin', 9, '201601120011', 4, '59.127.37.46', '2016-01-21 11:32:49'),
(893, 'admin', 9, '', 2, '59.127.37.46', '2016-01-21 11:34:01'),
(894, 'admin', 9, '201601210002', 4, '59.127.37.46', '2016-01-21 11:38:59'),
(895, 'admin', 9, '201601210001', 4, '59.127.37.46', '2016-01-21 11:39:20'),
(896, 'admin', 9, '', 2, '59.127.37.46', '2016-01-21 11:40:12'),
(897, 'admin', 9, '201601210001', 4, '59.127.37.46', '2016-01-21 11:46:10'),
(898, 'admin', 9, '', 2, '59.127.37.46', '2016-01-21 11:46:11'),
(899, 'admin', 9, '201601210003', 4, '59.127.37.46', '2016-01-21 11:47:41'),
(900, 'admin', 9, '', 2, '59.127.37.46', '2016-01-21 11:47:42'),
(901, 'admin', 9, '201601210003', 4, '59.127.37.46', '2016-01-21 11:47:54'),
(902, 'admin', 9, '', 2, '59.127.37.46', '2016-01-21 11:48:07'),
(903, 'admin', 9, '201601210003', 4, '59.127.37.46', '2016-01-21 11:48:32'),
(904, 'admin', 9, '', 2, '59.127.37.46', '2016-01-21 11:52:18'),
(905, 'admin', 5, '', 2, '59.127.37.46', '2016-01-21 11:56:15'),
(906, 'admin', 6, '', 2, '59.127.37.46', '2016-01-21 11:56:19'),
(907, 'admin', 5, '', 2, '59.127.37.46', '2016-01-21 11:56:21'),
(908, 'admin', 6, '', 2, '59.127.37.46', '2016-01-21 11:56:26'),
(909, 'admin', 5, '', 2, '59.127.37.46', '2016-01-21 11:56:27'),
(910, 'admin', 6, '', 2, '59.127.37.46', '2016-01-21 11:56:28'),
(911, 'admin', 7, '', 2, '59.127.37.46', '2016-01-21 11:56:35'),
(912, 'admin', 6, '', 2, '59.127.37.46', '2016-01-21 11:56:36'),
(913, 'admin', 5, '', 2, '59.127.37.46', '2016-01-21 11:56:39'),
(914, 'admin', 8, '', 2, '59.127.37.46', '2016-01-21 11:56:50'),
(915, 'admin', 5, '', 2, '59.127.37.46', '2016-01-21 11:56:57'),
(916, 'admin', 6, '', 2, '59.127.37.46', '2016-01-21 11:56:58'),
(917, 'admin', 7, '', 2, '59.127.37.46', '2016-01-21 11:57:00'),
(918, 'admin', 10, '', 2, '59.127.37.46', '2016-01-21 11:57:09'),
(919, 'admin', 2, '', 2, '59.127.37.46', '2016-01-21 11:57:11'),
(920, 'admin', 3, '', 2, '59.127.37.46', '2016-01-21 11:57:12'),
(921, 'admin', 1, '列表', 2, '59.127.37.46', '2016-01-21 11:57:15'),
(922, 'admin', 5, '', 2, '59.127.37.46', '2016-01-21 11:57:19'),
(923, 'pin', 1, '登入失敗-帳密不正確', 0, '59.127.37.46', '2016-01-21 11:57:33'),
(924, 'pin', 1, '成功', 0, '59.127.37.46', '2016-01-21 11:57:40'),
(925, 'pin', 11, '', 2, '59.127.37.46', '2016-01-21 11:57:45'),
(926, 'pin', 12, '', 2, '59.127.37.46', '2016-01-21 11:57:47'),
(927, 'pin', 11, '', 2, '59.127.37.46', '2016-01-21 11:58:00'),
(928, 'pin', 12, '', 2, '59.127.37.46', '2016-01-21 11:58:01'),
(929, 'pin', 11, '', 2, '59.127.37.46', '2016-01-21 11:58:04'),
(930, 'admin', 1, '成功', 0, '59.127.37.46', '2016-01-21 11:58:23'),
(931, 'admin', 1, '列表', 2, '59.127.37.46', '2016-01-21 11:58:29'),
(932, 'admin', 7, '', 2, '59.127.37.46', '2016-01-21 11:58:33'),
(933, 'admin', 9, '', 2, '59.127.37.46', '2016-01-21 11:58:39'),
(934, 'admin', 7, '', 2, '59.127.37.46', '2016-01-21 11:58:45'),
(935, 'admin', 1, '列表', 2, '59.127.37.46', '2016-01-21 11:58:51'),
(936, 'admin', 1, 'cat', 4, '59.127.37.46', '2016-01-21 11:59:08'),
(937, 'cat', 1, '成功', 0, '59.127.37.46', '2016-01-21 11:59:20'),
(938, 'cat', 12, '', 2, '59.127.37.46', '2016-01-21 11:59:25'),
(939, 'cat33', 11, '', 2, '59.127.37.46', '2016-01-21 11:59:31'),
(940, 'cat', 12, '', 2, '59.127.37.46', '2016-01-21 11:59:35'),
(941, 'cat33', 11, '', 2, '59.127.37.46', '2016-01-21 11:59:50'),
(942, 'admin', 1, '成功', 0, '59.127.37.46', '2016-01-21 12:01:41'),
(943, 'admin', 2, '', 2, '59.127.37.46', '2016-01-21 12:02:08'),
(944, 'admin', 9, '', 2, '59.127.37.46', '2016-01-21 12:18:54'),
(945, 'admin', 7, '', 2, '59.127.37.46', '2016-01-21 12:19:11'),
(946, 'admin', 5, '', 2, '59.127.37.46', '2016-01-21 12:20:08'),
(947, 'admin', 6, '', 2, '59.127.37.46', '2016-01-21 12:20:11'),
(948, 'admin', 7, '', 2, '59.127.37.46', '2016-01-21 12:20:12'),
(949, 'admin', 5, '', 2, '59.127.37.46', '2016-01-21 12:20:13'),
(950, 'admin', 6, '', 2, '59.127.37.46', '2016-01-21 12:20:15'),
(951, 'admin', 5, '', 2, '59.127.37.46', '2016-01-21 12:20:18'),
(952, 'admin', 6, '', 2, '59.127.37.46', '2016-01-21 12:20:19'),
(953, 'admin', 5, '', 2, '59.127.37.46', '2016-01-21 12:29:49'),
(954, 'admin', 6, '', 2, '59.127.37.46', '2016-01-21 12:29:50'),
(955, 'admin', 7, '', 2, '59.127.37.46', '2016-01-21 12:29:51'),
(956, 'admin', 5, '', 2, '59.127.37.46', '2016-01-21 12:29:52'),
(957, 'admin', 5, '商品 - 一階分類 - 貓咪,ID_3', 4, '59.127.37.46', '2016-01-21 12:30:29'),
(958, 'admin', 5, '', 2, '59.127.37.46', '2016-01-21 12:31:04'),
(959, 'admin', 7, '', 2, '59.127.37.46', '2016-01-21 12:33:57'),
(960, 'admin', 10, '', 2, '59.127.37.46', '2016-01-21 12:41:20'),
(961, 'admin', 2, '', 2, '59.127.37.46', '2016-01-21 12:41:24'),
(962, 'admin', 5, '', 2, '59.127.37.46', '2016-01-21 12:41:26'),
(963, 'admin', 7, '', 2, '59.127.37.46', '2016-01-21 12:41:35'),
(964, 'admin', 1, '成功', 0, '59.127.37.46', '2016-01-21 15:47:50'),
(965, 'admin', 7, '', 2, '59.127.37.46', '2016-01-21 15:47:55'),
(966, 'admin', 7, '商品 - 商品,ID_7', 4, '59.127.37.46', '2016-01-21 15:48:13'),
(967, 'admin', 7, '', 2, '59.127.37.46', '2016-01-21 15:59:21'),
(968, 'admin', 1, '成功', 0, '59.127.37.46', '2016-02-18 14:13:37'),
(969, 'admin', 9, '', 2, '59.127.37.46', '2016-02-18 14:13:42'),
(970, 'admin', 5, '', 2, '59.127.37.46', '2016-02-18 14:13:47'),
(971, 'admin', 7, '', 2, '59.127.37.46', '2016-02-18 14:13:48'),
(972, 'admin', 5, '', 2, '59.127.37.46', '2016-02-18 14:13:53'),
(973, 'admin', 6, '', 2, '59.127.37.46', '2016-02-18 14:13:54'),
(974, 'admin', 5, '', 2, '59.127.37.46', '2016-02-18 14:13:56'),
(975, 'admin', 8, '', 2, '59.127.37.46', '2016-02-18 14:13:59'),
(976, 'admin', 10, '', 2, '59.127.37.46', '2016-02-18 14:14:01'),
(977, 'admin', 2, '', 2, '59.127.37.46', '2016-02-18 14:14:03'),
(978, 'admin', 10, '', 2, '59.127.37.46', '2016-02-18 14:14:06'),
(979, 'admin', 3, '', 2, '59.127.37.46', '2016-02-18 14:14:08'),
(980, 'admin', 1, '成功', 0, '59.127.37.46', '2016-02-19 13:47:54'),
(981, 'admin', 9, '', 2, '59.127.37.46', '2016-02-19 13:48:15'),
(982, 'admin', 5, '', 2, '59.127.37.46', '2016-02-19 13:48:18'),
(983, 'admin', 7, '', 2, '59.127.37.46', '2016-02-19 13:48:19'),
(984, 'admin', 8, '', 2, '59.127.37.46', '2016-02-19 13:48:23'),
(985, 'admin', 10, '', 2, '59.127.37.46', '2016-02-19 13:48:24'),
(986, 'admin', 2, '', 2, '59.127.37.46', '2016-02-19 13:48:25'),
(987, 'admin', 3, '', 2, '59.127.37.46', '2016-02-19 13:48:26'),
(988, 'admin', 1, '成功', 0, '59.127.37.46', '2016-03-01 15:29:38'),
(989, 'admin', 9, '', 2, '59.127.37.46', '2016-03-01 15:43:06'),
(990, 'admin', 1, '成功', 0, '59.127.37.46', '2016-03-28 18:29:00'),
(991, 'admin', 8, '', 2, '59.127.37.46', '2016-03-28 18:29:09'),
(992, 'admin', 1, '列表', 2, '59.127.37.46', '2016-03-28 18:29:17'),
(993, 'admin', 7, '', 2, '59.127.37.46', '2016-03-28 18:29:37'),
(994, 'admin', 10, '', 2, '59.127.37.46', '2016-03-28 18:29:41'),
(995, 'admin', 7, '', 2, '59.127.37.46', '2016-03-28 18:32:03'),
(996, 'admin', 6, '', 2, '59.127.37.46', '2016-03-28 18:33:27'),
(997, 'admin', 7, '', 2, '59.127.37.46', '2016-03-28 18:33:33'),
(998, 'admin', 7, '商品 - 商品,ID_6', 4, '59.127.37.46', '2016-03-28 18:33:46'),
(999, 'admin', 5, '', 2, '59.127.37.46', '2016-03-28 18:40:38'),
(1000, 'admin', 6, '', 2, '59.127.37.46', '2016-03-28 18:40:41'),
(1001, 'admin', 7, '', 2, '59.127.37.46', '2016-03-28 18:40:42'),
(1002, 'admin', 1, '成功', 0, '59.127.37.46', '2016-04-07 17:33:17'),
(1003, 'admin', 8, '', 2, '59.127.37.46', '2016-04-07 17:33:22'),
(1004, 'admin', 1, '成功', 0, '59.127.37.46', '2016-04-08 18:52:27'),
(1005, 'admin', 9, '', 2, '59.127.37.46', '2016-04-08 18:52:32'),
(1006, 'admin', 9, '201603280001', 4, '59.127.37.46', '2016-04-08 18:52:52'),
(1007, 'admin', 7, '', 2, '59.127.37.46', '2016-04-08 18:58:57'),
(1008, 'admin', 1, '列表', 2, '59.127.37.46', '2016-04-08 19:00:17'),
(1009, 'admin', 1, '成功', 0, '59.127.37.46', '2016-04-12 18:37:59'),
(1010, 'admin', 9, '', 2, '59.127.37.46', '2016-04-12 18:38:03');

-- --------------------------------------------------------

--
-- 表的结构 `925_member`
--

CREATE TABLE IF NOT EXISTS `925_member` (
  `member_id` int(11) NOT NULL AUTO_INCREMENT,
  `member_fb_id` varchar(100) COLLATE utf8_unicode_ci NOT NULL,
  `member_account` varchar(20) COLLATE utf8_unicode_ci NOT NULL,
  `member_password` varchar(40) COLLATE utf8_unicode_ci NOT NULL,
  `member_name` varchar(20) COLLATE utf8_unicode_ci NOT NULL,
  `member_phone` varchar(20) COLLATE utf8_unicode_ci NOT NULL,
  `member_email` varchar(255) COLLATE utf8_unicode_ci NOT NULL,
  `member_address` varchar(255) COLLATE utf8_unicode_ci NOT NULL,
  `member_is_show` int(11) NOT NULL DEFAULT '0',
  `member_manager` varchar(15) COLLATE utf8_unicode_ci NOT NULL,
  `member_create_time` datetime NOT NULL,
  `member_update_time` datetime NOT NULL,
  PRIMARY KEY (`member_id`),
  KEY `member_id` (`member_id`),
  KEY `member_is_show` (`member_is_show`),
  KEY `member_account` (`member_account`),
  KEY `member_fb_id` (`member_fb_id`)
) ENGINE=MyISAM  DEFAULT CHARSET=utf8 COLLATE=utf8_unicode_ci COMMENT='會員' AUTO_INCREMENT=33 ;

--
-- 转存表中的数据 `925_member`
--

INSERT INTO `925_member` (`member_id`, `member_fb_id`, `member_account`, `member_password`, `member_name`, `member_phone`, `member_email`, `member_address`, `member_is_show`, `member_manager`, `member_create_time`, `member_update_time`) VALUES
(1, '', 'bill', 'f7c3bc1d808e04732adf679965ccc34ca7ae3441', '謝家鉎', '24607688', 'bill@coder.com.tw', '台中市南區忠明南路760號21樓A6', 0, 'bill', '2015-11-13 12:30:00', '2015-12-25 17:40:56'),
(18, '', 'bill3', '7c4a8d09ca3762af61e59520943dc26494f8941b', '中文', 'test', 'pic@coder.com.tw', 'test', 0, 'admin', '2015-11-30 14:32:44', '2016-01-12 18:02:22'),
(24, '100000258156915', '100000258156915', '', 'Bill Hsieh', '', '', '', 0, 'web', '2015-12-08 11:49:35', '2015-12-08 11:49:35'),
(25, '', 'maci', '3367c585a17c9615ca42ff42550314b6d07180fc', '柳文昌', '0935736993', 'maci.liou@gmail.com', '新北市五股區', 0, 'maci', '2015-12-22 10:51:13', '2015-12-22 10:51:46'),
(26, '10200894870770736', '10200894870770736', '', 'Maci Liou', '', '', '', 0, 'web', '2015-12-22 15:15:30', '2015-12-22 15:15:30'),
(27, '133446717032624', '133446717032624', '7c4a8d09ca3762af61e59520943dc26494f8941b', '濱濱', 'test', 'pin@coder.com.tw', 'testtest', 0, '133446717032624', '2016-01-12 16:09:03', '2016-01-21 12:14:48'),
(32, '', 'jessica', 'aefcab3d9b715315c59bcefbcd7b35ae1ab64189', '雷亓', '0966666666', 'jessica@coder.com.tw', '台中市', 0, 'jessica', '2016-04-08 17:51:59', '2016-04-11 23:05:13');

-- --------------------------------------------------------

--
-- 表的结构 `925_meta`
--

CREATE TABLE IF NOT EXISTS `925_meta` (
  `meta_id` int(11) NOT NULL AUTO_INCREMENT,
  `meta_keyword` longtext COLLATE utf8_unicode_ci NOT NULL,
  `meta_description` longtext COLLATE utf8_unicode_ci NOT NULL,
  `meta_ga` longtext COLLATE utf8_unicode_ci NOT NULL,
  `meta_manager` varchar(15) COLLATE utf8_unicode_ci NOT NULL,
  `meta_create_time` datetime NOT NULL,
  `meta_update_time` datetime NOT NULL,
  PRIMARY KEY (`meta_id`)
) ENGINE=MyISAM  DEFAULT CHARSET=utf8 COLLATE=utf8_unicode_ci COMMENT='meta資料' AUTO_INCREMENT=2 ;

--
-- 转存表中的数据 `925_meta`
--

INSERT INTO `925_meta` (`meta_id`, `meta_keyword`, `meta_description`, `meta_ga`, `meta_manager`, `meta_create_time`, `meta_update_time`) VALUES
(1, 'sfdsdf,fsdf,sdfsdf', 'sdfsdfs sdfsdf  sdfsdfsfsdf sdfsfgsdgf', 'afasfasfasfasfasfadgdgdg\nfghfdghfdghfdgh\nfdghfghfdghfghfghfg', 'admin', '2015-11-09 00:00:00', '2015-11-11 10:56:35');

-- --------------------------------------------------------

--
-- 表的结构 `925_order`
--

CREATE TABLE IF NOT EXISTS `925_order` (
  `order_id` int(11) NOT NULL AUTO_INCREMENT,
  `order_sno` varchar(20) COLLATE utf8_unicode_ci NOT NULL,
  `order_member_id` int(11) NOT NULL,
  `order_shop_id` int(11) NOT NULL,
  `order_payment_type` int(11) NOT NULL,
  `order_payment_state` int(11) NOT NULL,
  `order_state` int(11) NOT NULL,
  `order_express_type` int(11) NOT NULL,
  `order_comment` text COLLATE utf8_unicode_ci NOT NULL,
  `order_total_price` int(11) NOT NULL,
  `order_freight` int(11) NOT NULL,
  `order_bonus` int(11) NOT NULL,
  `order_purchaser_name` varchar(20) COLLATE utf8_unicode_ci NOT NULL,
  `order_recipient_name` varchar(20) COLLATE utf8_unicode_ci NOT NULL,
  `order_recipient_email` varchar(255) COLLATE utf8_unicode_ci NOT NULL,
  `order_recipient_phone` varchar(20) COLLATE utf8_unicode_ci NOT NULL,
  `order_recipient_zcode` int(11) NOT NULL,
  `order_recipient_address` varchar(255) COLLATE utf8_unicode_ci NOT NULL,
  `order_invoice` int(11) NOT NULL,
  `order_company_invoice` int(11) NOT NULL,
  `order_express_sno` varchar(20) COLLATE utf8_unicode_ci NOT NULL,
  `order_manager` varchar(15) COLLATE utf8_unicode_ci NOT NULL,
  `order_create_time` datetime NOT NULL,
  `order_update_time` datetime NOT NULL,
  `order_pay_time` datetime NOT NULL,
  `order_express_time` datetime NOT NULL,
  `order_get_time` datetime NOT NULL,
  `order_payment_back` longtext COLLATE utf8_unicode_ci NOT NULL,
  PRIMARY KEY (`order_id`)
) ENGINE=InnoDB  DEFAULT CHARSET=utf8 COLLATE=utf8_unicode_ci COMMENT='訂單' AUTO_INCREMENT=33 ;

--
-- 转存表中的数据 `925_order`
--

INSERT INTO `925_order` (`order_id`, `order_sno`, `order_member_id`, `order_shop_id`, `order_payment_type`, `order_payment_state`, `order_state`, `order_express_type`, `order_comment`, `order_total_price`, `order_freight`, `order_bonus`, `order_purchaser_name`, `order_recipient_name`, `order_recipient_email`, `order_recipient_phone`, `order_recipient_zcode`, `order_recipient_address`, `order_invoice`, `order_company_invoice`, `order_express_sno`, `order_manager`, `order_create_time`, `order_update_time`, `order_pay_time`, `order_express_time`, `order_get_time`, `order_payment_back`) VALUES
(1, '201601120001', 1, 10, 1, 1, 0, 1, '', 300, 60, 2, '謝家鉎', '謝家鉎', 'bill@coder.com.tw', '24607688', 0, '台中市南區忠明南路760號21樓A6', 1, 0, '', '', '2016-01-12 15:22:14', '2016-01-12 15:22:14', '0000-00-00 00:00:00', '0000-00-00 00:00:00', '0000-00-00 00:00:00', 's:256:"final_result=1/P_MerchantNumber=760958/P_OrderNumber=201601120001/P_Amount=360.00/P_CheckSum=3493a378a1c373fea357ac055ca21643/final_return_PRC=0/final_return_SRC=0/final_return_ApproveCode=CI5782/final_return_BankRC=0/00/final_return_BatchNumber=2016011201";'),
(2, '201601120002', 1, 9, 2, 1, 0, 2, '', 110, 60, 5, '謝家鉎', '中文本名', 'test@test.com', '0999999999', 888, '英才路501號6樓10室', 1, 0, '', '', '2016-01-12 15:41:27', '2016-01-12 15:41:27', '0000-00-00 00:00:00', '0000-00-00 00:00:00', '0000-00-00 00:00:00', ''),
(3, '201601120003', 1, 10, 1, 1, 0, 2, '', 250, 60, 2, '謝家鉎', '謝家鉎', 'bill@coder.com.tw', '24607688', 0, '台中市南區忠明南路760號21樓A6', 1, 0, '', '', '2016-01-12 15:48:49', '2016-01-12 15:48:49', '0000-00-00 00:00:00', '0000-00-00 00:00:00', '0000-00-00 00:00:00', 's:256:"final_result=1/P_MerchantNumber=760958/P_OrderNumber=201601120003/P_Amount=310.00/P_CheckSum=157dbaddd74a30cc0c2b87ea09eea7a6/final_return_PRC=0/final_return_SRC=0/final_return_ApproveCode=CI3569/final_return_BankRC=0/00/final_return_BatchNumber=2016011201";'),
(4, '201601120004', 1, 10, 1, 0, 0, 2, '', 350, 60, 4, '謝家鉎', '謝家鉎', 'bill@coder.com.tw', '24607688', 0, '台中市南區忠明南路760號21樓A6', 1, 0, '', '', '2016-01-12 15:57:53', '2016-01-12 15:57:53', '0000-00-00 00:00:00', '0000-00-00 00:00:00', '0000-00-00 00:00:00', ''),
(5, '201601120005', 27, 10, 2, 1, 3, 2, '', 600, 60, 2, '濱濱', '濱濱', 'pin@coder.com.tw', 'test', 0, 'testtest', 1, 0, '', '', '2016-01-12 16:31:20', '2016-01-12 16:31:20', '0000-00-00 00:00:00', '0000-00-00 00:00:00', '0000-00-00 00:00:00', ''),
(6, '201601120006', 27, 10, 2, 1, 13, 1, '', 300, 60, 2, '濱濱', '濱濱', 'pin@coder.com.tw', 'test', 0, 'testtest', 1, 0, '', '', '2016-01-12 16:35:05', '2016-01-12 16:35:05', '0000-00-00 00:00:00', '0000-00-00 00:00:00', '0000-00-00 00:00:00', ''),
(7, '201601120007', 27, 10, 3, 0, 11, 1, '', 10900, 0, 52, '濱濱', '全家就是你家', 'pin@coder.com.tw', '沒有電話', 324, '台中市合作街336號', 1, 0, '', '', '2016-01-12 16:56:08', '2016-01-12 16:56:08', '0000-00-00 00:00:00', '0000-00-00 00:00:00', '0000-00-00 00:00:00', ''),
(8, '201601120008', 27, 6, 4, 1, 3, 1, '', 12222, 0, 70, '濱濱', '全家就是你家', 'pin@coder.com.tw', '沒有電話', 324, '台中市合作街336號', 1, 0, '', '', '2016-01-12 17:18:21', '2016-01-12 17:18:21', '0000-00-00 00:00:00', '0000-00-00 00:00:00', '0000-00-00 00:00:00', ''),
(9, '201601120009', 27, 10, 2, 0, 11, 1, '', 999, 60, 30, '濱濱', '濱濱', 'pin@coder.com.tw', 'test', 0, 'testtest', 1, 0, '', '', '2016-01-12 17:18:36', '2016-01-12 17:18:36', '0000-00-00 00:00:00', '0000-00-00 00:00:00', '0000-00-00 00:00:00', ''),
(10, '201601120010', 27, 6, 1, 0, 11, 2, '', 80, 60, 11, '濱濱', '濱濱', 'pin@coder.com.tw', 'test', 0, 'testtest', 1, 0, '', '', '2016-01-12 17:20:24', '2016-01-12 17:20:24', '0000-00-00 00:00:00', '0000-00-00 00:00:00', '0000-00-00 00:00:00', ''),
(11, '201601120011', 27, 9, 1, 1, 12, 2, '', 550, 60, 5, '濱濱', '濱濱', 'pin@coder.com.tw', 'test', 0, 'testtest', 1, 0, '', '', '2016-01-12 17:21:14', '2016-01-12 17:21:14', '2016-01-21 11:32:48', '0000-00-00 00:00:00', '0000-00-00 00:00:00', ''),
(12, '201601120012', 27, 6, 4, 0, 11, 2, '', 22220, 0, 50, '濱濱', '濱濱', 'pin@coder.com.tw', 'test', 0, 'testtest', 1, 0, '', '', '2016-01-12 17:27:33', '2016-01-12 17:27:33', '0000-00-00 00:00:00', '0000-00-00 00:00:00', '0000-00-00 00:00:00', ''),
(13, '201601120013', 27, 9, 4, 1, 3, 1, '', 9999, 0, 999, '濱濱', '全家就是你家', 'pin@coder.com.tw', '沒有電話', 324, '台中市合作街336號', 1, 0, '', '', '2016-01-12 18:23:50', '2016-01-12 18:23:50', '2016-01-21 11:32:22', '2016-01-21 11:32:18', '2016-01-21 11:32:22', ''),
(14, '201601120014', 27, 9, 4, 1, 31, 2, '', 9999, 0, 999, '濱濱', '濱濱', 'pin@coder.com.tw', 'test', 0, 'testtest', 1, 0, '', '', '2016-01-12 18:25:00', '2016-01-12 18:25:00', '0000-00-00 00:00:00', '0000-00-00 00:00:00', '0000-00-00 00:00:00', ''),
(15, '201601120015', 27, 9, 4, 1, 3, 2, '', 9999, 0, 999, '濱濱', '濱濱', 'pin@coder.com.tw', 'test', 0, 'testtest', 1, 0, '', '', '2016-01-12 18:25:32', '2016-01-12 18:25:32', '2016-01-21 11:31:41', '0000-00-00 00:00:00', '2016-01-21 11:31:41', ''),
(16, '201601120016', 27, 9, 3, 0, 11, 2, '', 55, 60, 5, '濱濱', '濱濱', 'pin@coder.com.tw', 'test', 0, 'testtest', 1, 0, '', '', '2016-01-12 18:26:29', '2016-01-12 18:26:29', '0000-00-00 00:00:00', '0000-00-00 00:00:00', '0000-00-00 00:00:00', ''),
(17, '201601120017', 27, 9, 1, 0, 11, 2, '', 9999, 0, 999, '濱濱', '濱濱', 'pin@coder.com.tw', 'test', 0, 'testtest', 1, 0, '', '', '2016-01-12 18:40:32', '2016-01-12 18:40:32', '0000-00-00 00:00:00', '0000-00-00 00:00:00', '0000-00-00 00:00:00', ''),
(18, '201601120018', 27, 9, 2, 0, 11, 1, '', 55, 60, 5, '濱濱', '濱濱', 'pin@coder.com.tw', 'test', 0, 'testtest', 1, 0, '', '', '2016-01-12 18:41:26', '2016-01-12 18:41:26', '0000-00-00 00:00:00', '0000-00-00 00:00:00', '0000-00-00 00:00:00', ''),
(19, '201601120019', 27, 9, 3, 0, 11, 2, '', 55, 60, 5, '濱濱', '濱濱', 'pin@coder.com.tw', 'test', 0, 'testtest', 1, 0, '', '', '2016-01-12 18:42:04', '2016-01-12 18:42:04', '0000-00-00 00:00:00', '0000-00-00 00:00:00', '0000-00-00 00:00:00', ''),
(20, '201601120020', 27, 9, 1, 1, 11, 1, '', 9999, 0, 999, '濱濱', '濱濱', 'pin@coder.com.tw', 'test', 0, 'testtest', 1, 0, '', '', '2016-01-12 18:43:30', '2016-01-12 18:43:30', '2016-01-21 11:30:51', '0000-00-00 00:00:00', '0000-00-00 00:00:00', 's:257:"final_result=1/P_MerchantNumber=760958/P_OrderNumber=201601120020/P_Amount=9999.00/P_CheckSum=3e02adb4d55a966b04bc42bbec63aa54/final_return_PRC=0/final_return_SRC=0/final_return_ApproveCode=CI1474/final_return_BankRC=0/00/final_return_BatchNumber=2016011201";'),
(21, '201601150001', 27, 9, 4, 0, 11, 2, '', 9999, 0, 999, '濱濱', '濱濱', 'pin@coder.com.tw', 'test', 0, 'testtest', 1, 0, '', '', '2016-01-15 15:30:15', '2016-01-15 15:30:15', '0000-00-00 00:00:00', '0000-00-00 00:00:00', '0000-00-00 00:00:00', ''),
(22, '201601150002', 27, 9, 4, 1, 3, 2, '', 9999, 0, 999, '濱濱', '濱濱', 'pin@coder.com.tw', 'test', 0, 'testtest', 1, 0, '', '', '2016-01-15 15:30:39', '2016-01-15 15:30:39', '2016-01-15 15:33:45', '2016-01-15 15:32:52', '2016-01-15 15:33:45', ''),
(23, '201601150003', 27, 9, 1, 0, 11, 1, '', 55, 60, 5, '濱濱', '濱濱', 'pin@coder.com.tw', 'test', 0, 'testtest', 1, 0, '', '', '2016-01-15 15:34:15', '2016-01-15 15:34:15', '0000-00-00 00:00:00', '0000-00-00 00:00:00', '0000-00-00 00:00:00', ''),
(24, '201601150004', 27, 10, 4, 1, 11, 2, '', 300, 60, 2, '濱濱', '濱濱', 'pin@coder.com.tw', 'test', 0, 'testtest', 1, 0, '', '', '2016-01-15 15:34:37', '2016-01-15 15:34:37', '2016-01-15 15:35:24', '0000-00-00 00:00:00', '0000-00-00 00:00:00', ''),
(25, '201601150005', 27, 10, 4, 1, 3, 1, '', 300, 60, 2, '濱濱', '濱濱', 'pin@coder.com.tw', 'test', 0, 'testtest', 1, 0, '', '', '2016-01-15 15:36:25', '2016-01-15 15:36:25', '2016-01-21 11:30:27', '2016-01-15 15:36:52', '2016-01-21 11:30:27', ''),
(26, '201601210001', 27, 9, 1, 1, 30, 1, '', 9999, 0, 999, '濱濱', '濱濱', 'pin@coder.com.tw', 'test', 0, 'testtest', 1, 0, '', '', '2016-01-21 11:33:39', '2016-01-21 11:33:39', '2016-01-21 11:46:10', '0000-00-00 00:00:00', '0000-00-00 00:00:00', ''),
(27, '201601210002', 27, 10, 1, 1, 11, 2, '', 300, 60, 2, '濱濱', '濱濱', 'pin@coder.com.tw', 'test', 0, 'testtest', 1, 0, '', '', '2016-01-21 11:35:52', '2016-01-21 11:35:52', '2016-01-21 11:38:58', '0000-00-00 00:00:00', '0000-00-00 00:00:00', 's:256:"final_result=1/P_MerchantNumber=760958/P_OrderNumber=201601210002/P_Amount=360.00/P_CheckSum=c2b9e1517c75644023e6268cd339ede7/final_return_PRC=0/final_return_SRC=0/final_return_ApproveCode=CI3124/final_return_BankRC=0/00/final_return_BatchNumber=2016012101";'),
(28, '201601210003', 27, 10, 2, 1, 3, 2, '', 50, 60, 2, '濱濱', '濱濱', 'pin@coder.com.tw', 'test', 0, 'testtest', 1, 0, '', '', '2016-01-21 11:47:14', '2016-01-21 11:47:14', '2016-01-21 11:48:32', '2016-01-21 11:47:54', '2016-01-21 11:48:32', ''),
(29, '201603280001', 1, 10, 4, 1, 2, 1, '', 350, 60, 4, '謝家鉎', '謝家鉎', 'bill@coder.com.tw', '24607688', 0, '台中市南區忠明南路760號21樓A6', 1, 0, '', '', '2016-03-28 18:38:54', '2016-03-28 18:38:54', '2016-04-08 18:53:26', '2016-04-08 18:53:26', '0000-00-00 00:00:00', ''),
(30, '201604080001', 1, 10, 4, 0, 0, 2, '', 300, 60, 2, '謝家鉎', '謝家鉎', 'bill@coder.com.tw', '24607688', 0, '台中市南區忠明南路760號21樓A6', 1, 0, '', '', '2016-04-08 18:42:22', '2016-04-08 18:42:22', '0000-00-00 00:00:00', '0000-00-00 00:00:00', '0000-00-00 00:00:00', ''),
(31, '201604110001', 32, 10, 1, 0, 0, 2, '', 300, 60, 2, '雷亓', '雷亓', 'jessica@coder.com.tw', '0966666666', 0, '台中市', 1, 0, '', '', '2016-04-11 23:05:23', '2016-04-11 23:05:23', '0000-00-00 00:00:00', '0000-00-00 00:00:00', '0000-00-00 00:00:00', ''),
(32, '201604120001', 0, 10, 1, 0, 0, 1, '', 300, 60, 2, '買買', '買買', 'jessica@coder.com.tw', '0966666666', 420, '台中市', 1, 0, '', '', '2016-04-12 18:43:48', '2016-04-12 18:43:48', '0000-00-00 00:00:00', '0000-00-00 00:00:00', '0000-00-00 00:00:00', '');

-- --------------------------------------------------------

--
-- 表的结构 `925_orderdetail`
--

CREATE TABLE IF NOT EXISTS `925_orderdetail` (
  `orderdetail_id` int(11) NOT NULL AUTO_INCREMENT,
  `orderdetail_order_sno` varchar(20) COLLATE utf8_unicode_ci NOT NULL,
  `orderdetail_product_id` int(11) NOT NULL,
  `orderdetail_product_sno` varchar(20) COLLATE utf8_unicode_ci NOT NULL,
  `orderdetail_shop_id` int(11) NOT NULL,
  `orderdetail_price` int(11) NOT NULL,
  `orderdetail_amount` int(11) NOT NULL,
  `orderdetail_total_price` int(11) NOT NULL,
  `orderdetail_state` int(11) NOT NULL,
  `orderdetail_create_time` datetime NOT NULL,
  `orderdetail_update_time` datetime NOT NULL,
  PRIMARY KEY (`orderdetail_id`)
) ENGINE=InnoDB  DEFAULT CHARSET=utf8 COLLATE=utf8_unicode_ci COMMENT='訂單明細' AUTO_INCREMENT=37 ;

--
-- 转存表中的数据 `925_orderdetail`
--

INSERT INTO `925_orderdetail` (`orderdetail_id`, `orderdetail_order_sno`, `orderdetail_product_id`, `orderdetail_product_sno`, `orderdetail_shop_id`, `orderdetail_price`, `orderdetail_amount`, `orderdetail_total_price`, `orderdetail_state`, `orderdetail_create_time`, `orderdetail_update_time`) VALUES
(1, '201601120001', 8, 'cat123', 10, 300, 1, 300, 0, '2016-01-12 15:22:14', '2016-01-12 15:22:14'),
(2, '201601120002', 7, 'aa00222', 9, 55, 2, 110, 0, '2016-01-12 15:41:27', '2016-01-12 15:41:27'),
(3, '201601120003', 1, 'aa0011', 10, 50, 5, 250, 0, '2016-01-12 15:48:49', '2016-01-12 15:48:49'),
(4, '201601120004', 1, 'aa0011', 10, 50, 1, 50, 0, '2016-01-12 15:57:53', '2016-01-12 15:57:53'),
(5, '201601120004', 8, 'cat123', 10, 300, 1, 300, 0, '2016-01-12 15:57:53', '2016-01-12 15:57:53'),
(6, '201601120005', 8, 'cat123', 10, 300, 2, 600, 0, '2016-01-12 16:31:20', '2016-01-12 16:31:20'),
(7, '201601120006', 8, 'cat123', 10, 300, 1, 300, 0, '2016-01-12 16:35:05', '2016-01-12 16:35:05'),
(8, '201601120007', 8, 'cat123', 10, 300, 3, 900, 0, '2016-01-12 16:56:08', '2016-01-12 16:56:08'),
(9, '201601120007', 3, '0011', 10, 1000, 10, 10000, 0, '2016-01-12 16:56:08', '2016-01-12 16:56:08'),
(10, '201601120008', 5, 'ss555', 6, 1000, 10, 10000, 0, '2016-01-12 17:18:21', '2016-01-12 17:18:21'),
(11, '201601120008', 6, '5556', 6, 2222, 1, 2222, 0, '2016-01-12 17:18:21', '2016-01-12 17:18:21'),
(12, '201601120009', 4, '555', 10, 999, 1, 999, 0, '2016-01-12 17:18:36', '2016-01-12 17:18:36'),
(13, '201601120010', 2, 'aa0012', 6, 80, 1, 80, 0, '2016-01-12 17:20:24', '2016-01-12 17:20:24'),
(14, '201601120011', 7, 'aa00222', 9, 55, 10, 550, 0, '2016-01-12 17:21:14', '2016-01-12 17:21:14'),
(15, '201601120012', 6, '5556', 6, 2222, 10, 22220, 0, '2016-01-12 17:27:33', '2016-01-12 17:27:33'),
(16, '201601120013', 9, '100', 9, 9999, 1, 9999, 0, '2016-01-12 18:23:50', '2016-01-12 18:23:50'),
(17, '201601120014', 9, '100', 9, 9999, 1, 9999, 0, '2016-01-12 18:25:00', '2016-01-12 18:25:00'),
(18, '201601120015', 9, '100', 9, 9999, 1, 9999, 0, '2016-01-12 18:25:32', '2016-01-12 18:25:32'),
(19, '201601120016', 7, 'aa00222', 9, 55, 1, 55, 0, '2016-01-12 18:26:29', '2016-01-12 18:26:29'),
(20, '201601120017', 9, '100', 9, 9999, 1, 9999, 0, '2016-01-12 18:40:32', '2016-01-12 18:40:32'),
(21, '201601120018', 7, 'aa00222', 9, 55, 1, 55, 0, '2016-01-12 18:41:26', '2016-01-12 18:41:26'),
(22, '201601120019', 7, 'aa00222', 9, 55, 1, 55, 0, '2016-01-12 18:42:04', '2016-01-12 18:42:04'),
(23, '201601120020', 9, '100', 9, 9999, 1, 9999, 0, '2016-01-12 18:43:30', '2016-01-12 18:43:30'),
(24, '201601150001', 9, '100', 9, 9999, 1, 9999, 0, '2016-01-15 15:30:15', '2016-01-15 15:30:15'),
(25, '201601150002', 9, '100', 9, 9999, 1, 9999, 1, '2016-01-15 15:30:39', '2016-01-15 15:30:39'),
(26, '201601150003', 7, 'aa00222', 9, 55, 1, 55, 0, '2016-01-15 15:34:15', '2016-01-15 15:34:15'),
(27, '201601150004', 8, 'cat123', 10, 300, 1, 300, 0, '2016-01-15 15:34:37', '2016-01-15 15:34:37'),
(28, '201601150005', 8, 'cat123', 10, 300, 1, 300, 1, '2016-01-15 15:36:25', '2016-01-15 15:36:25'),
(29, '201601210001', 9, '100', 9, 9999, 1, 9999, 0, '2016-01-21 11:33:39', '2016-01-21 11:33:39'),
(30, '201601210002', 8, 'cat123', 10, 300, 1, 300, 0, '2016-01-21 11:35:52', '2016-01-21 11:35:52'),
(31, '201601210003', 1, 'aa0011', 10, 50, 1, 50, 1, '2016-01-21 11:47:14', '2016-01-21 11:47:14'),
(32, '201603280001', 8, 'cat123', 10, 300, 1, 300, 0, '2016-03-28 18:38:54', '2016-03-28 18:38:54'),
(33, '201603280001', 1, 'aa0011', 10, 50, 1, 50, 0, '2016-03-28 18:38:54', '2016-03-28 18:38:54'),
(34, '201604080001', 8, 'cat123', 10, 300, 1, 300, 0, '2016-04-08 18:42:22', '2016-04-08 18:42:22'),
(35, '201604110001', 8, 'cat123', 10, 300, 1, 300, 0, '2016-04-11 23:05:23', '2016-04-11 23:05:23'),
(36, '201604120001', 8, 'cat123', 10, 300, 1, 300, 0, '2016-04-12 18:43:48', '2016-04-12 18:43:48');

-- --------------------------------------------------------

--
-- 表的结构 `925_ordersno`
--

CREATE TABLE IF NOT EXISTS `925_ordersno` (
  `ordersno_id` int(11) NOT NULL AUTO_INCREMENT,
  `ordersno_year` int(11) NOT NULL,
  `ordersno_month` int(11) NOT NULL,
  `ordersno_day` int(11) NOT NULL,
  `ordersno_sno` int(11) NOT NULL,
  `ordersno_create_time` datetime NOT NULL,
  PRIMARY KEY (`ordersno_id`)
) ENGINE=InnoDB  DEFAULT CHARSET=utf8 COLLATE=utf8_unicode_ci COMMENT='訂單編號查詢' AUTO_INCREMENT=8 ;

--
-- 转存表中的数据 `925_ordersno`
--

INSERT INTO `925_ordersno` (`ordersno_id`, `ordersno_year`, `ordersno_month`, `ordersno_day`, `ordersno_sno`, `ordersno_create_time`) VALUES
(1, 2016, 1, 12, 20, '2016-01-12 18:43:30'),
(2, 2016, 1, 15, 5, '2016-01-15 15:36:25'),
(3, 2016, 1, 21, 3, '2016-01-21 11:47:14'),
(4, 2016, 3, 28, 1, '2016-03-28 18:38:54'),
(5, 2016, 4, 8, 1, '2016-04-08 18:42:22'),
(6, 2016, 4, 11, 1, '2016-04-11 23:05:23'),
(7, 2016, 4, 12, 1, '2016-04-12 18:43:48');

-- --------------------------------------------------------

--
-- 表的结构 `925_privacy`
--

CREATE TABLE IF NOT EXISTS `925_privacy` (
  `privacy_id` int(11) NOT NULL AUTO_INCREMENT,
  `privacy_content` longtext COLLATE utf8_unicode_ci NOT NULL,
  `privacy_admin` varchar(20) COLLATE utf8_unicode_ci NOT NULL,
  `privacy_updatetime` datetime NOT NULL,
  `privacy_createtime` datetime NOT NULL,
  PRIMARY KEY (`privacy_id`)
) ENGINE=MyISAM  DEFAULT CHARSET=utf8 COLLATE=utf8_unicode_ci AUTO_INCREMENT=2 ;

--
-- 转存表中的数据 `925_privacy`
--

INSERT INTO `925_privacy` (`privacy_id`, `privacy_content`, `privacy_admin`, `privacy_updatetime`, `privacy_createtime`) VALUES
(1, '', '', '0000-00-00 00:00:00', '2016-04-11 00:00:00');

-- --------------------------------------------------------

--
-- 表的结构 `925_product`
--

CREATE TABLE IF NOT EXISTS `925_product` (
  `product_id` int(11) NOT NULL AUTO_INCREMENT,
  `product_ind` int(11) NOT NULL,
  `product_ptype2_id` int(11) NOT NULL,
  `product_shop_id` int(11) NOT NULL,
  `product_sno` varchar(20) COLLATE utf8_unicode_ci NOT NULL,
  `product_name` varchar(30) COLLATE utf8_unicode_ci NOT NULL,
  `product_price` int(11) NOT NULL,
  `product_bonus` int(11) NOT NULL,
  `product_spic` varchar(35) COLLATE utf8_unicode_ci NOT NULL,
  `product_bpic` varchar(35) COLLATE utf8_unicode_ci NOT NULL,
  `product_pic` varchar(35) COLLATE utf8_unicode_ci NOT NULL,
  `product_specification` text COLLATE utf8_unicode_ci NOT NULL,
  `product_information` longtext COLLATE utf8_unicode_ci NOT NULL,
  `product_notice` longtext COLLATE utf8_unicode_ci NOT NULL,
  `product_is_hot` int(11) NOT NULL,
  `product_is_like` int(11) NOT NULL,
  `product_is_index_top` int(11) NOT NULL,
  `product_is_index` int(11) NOT NULL,
  `product_is_top` int(11) NOT NULL,
  `product_is_show` int(11) NOT NULL,
  `product_manager` varchar(15) COLLATE utf8_unicode_ci NOT NULL,
  `product_create_time` datetime NOT NULL,
  `product_update_time` datetime NOT NULL,
  PRIMARY KEY (`product_id`),
  KEY `product_id` (`product_id`),
  KEY `product_ptype2_id` (`product_ptype2_id`),
  KEY `product_shop_id` (`product_shop_id`),
  KEY `product_sno` (`product_sno`),
  KEY `product_is_hot` (`product_is_hot`),
  KEY `product_is_like` (`product_is_like`),
  KEY `product_is_index` (`product_is_index`),
  KEY `product_is_top` (`product_is_top`),
  KEY `product_is_show` (`product_is_show`)
) ENGINE=MyISAM  DEFAULT CHARSET=utf8 COLLATE=utf8_unicode_ci COMMENT='商品' AUTO_INCREMENT=10 ;

--
-- 转存表中的数据 `925_product`
--

INSERT INTO `925_product` (`product_id`, `product_ind`, `product_ptype2_id`, `product_shop_id`, `product_sno`, `product_name`, `product_price`, `product_bonus`, `product_spic`, `product_bpic`, `product_pic`, `product_specification`, `product_information`, `product_notice`, `product_is_hot`, `product_is_like`, `product_is_index_top`, `product_is_index`, `product_is_top`, `product_is_show`, `product_manager`, `product_create_time`, `product_update_time`) VALUES
(1, 21, 1, 10, 'aa0011', '很細原子筆', 50, 2, '1447329842.jpg', '1447329845.jpg', '1451029500.jpg', '<p>ada</p>', '<p>good</p>\r\n\r\n<p>nice</p>\r\n\r\n<p>&nbsp;</p>', '<p>asdasd</p>', 0, 0, 0, 1, 0, 1, 'admin', '2015-11-12 20:04:20', '2015-12-25 15:45:02'),
(2, 6, 1, 6, 'aa0012', '極細原子筆', 80, 11, '1447334092.jpg', '1447334096.jpg', '1451029534.jpg', '<p>asdasd</p>', '<p>fsfsf</p>\r\n\r\n<p>gdfgdgdf</p>', '<p>asdasdsad</p>', 0, 0, 0, 0, 1, 1, 'admin', '2015-11-12 21:15:01', '2015-12-25 15:45:39'),
(3, 1, 3, 10, '0011', '新潮後背包', 1000, 50, '1447335003.jpg', '1447335010.jpg', '1451029553.jpg', '<p>asdasdsa</p>', '<p>　sdfsdf</p>\r\n\r\n<p>sdfsdfsdfsdfsdf<img alt="" src="upload/ckeditor/1447335026.jpg" style="height:178px; width:250px" /></p>', '<p>asdasdsa</p>', 0, 0, 0, 0, 0, 1, 'admin', '2015-11-12 21:30:36', '2015-12-25 15:45:55'),
(4, 11, 4, 10, '555', '特價側背包', 999, 30, '1447659403.jpg', '1447659410.jpg', '1451029523.jpg', '<p>asdas</p>', '<p>sfsdfsf</p>\r\n\r\n<p>sfsfsdfsdf</p>', '<p>adsasds</p>', 0, 0, 0, 1, 0, 1, 'admin', '2015-11-16 15:36:57', '2015-12-25 15:45:26'),
(5, 16, 3, 6, 'ss555', '韓式後包', 1000, 20, '1447664647.jpg', '1447664653.jpg', '1451029511.jpg', '<p>asdas</p>', '<p>sfdsfsddfsfdf</p>', '<p>asdasdasds</p>', 0, 0, 0, 0, 0, 1, 'admin', '2015-11-16 17:04:23', '2015-12-25 15:45:14'),
(6, 26, 3, 6, '5556', '復古後背包', 2222, 50, '1447676758.jpg', '1447676764.jpg', '1451029489.jpg', '<p>品牌 : 113工房<br />\r\n材質 : 天然孟中竹 + 白米/糙米</p>', '<p>dSFSFD</p>', '<table border="0" cellpadding="1" cellspacing="1" style="width:500px">\r\n	<tbody>\r\n		<tr>\r\n			<td>\r\n			<p><img src="images/t1.png" /></p>\r\n\r\n			<div class="item">出貨時間</div>\r\n			</td>\r\n			<td><span style="font-size:14px">每日14點前完成訂單，當天出貨，14點後的訂單順延，例假日不出貨。</span></td>\r\n		</tr>\r\n		<tr>\r\n			<td>\r\n			<p><img src="images/t2.png" /></p>\r\n\r\n			<div class="item">尺寸測量</div>\r\n			</td>\r\n			<td><span style="font-size:14px">每一個商品標示的尺寸都是人工親自測量，會存在1-2cm的誤差，屬於秤長範圍，感謝你的諒解！</span></td>\r\n		</tr>\r\n		<tr>\r\n			<td>\r\n			<p><img src="images/t3.png" /></p>\r\n\r\n			<div class="item">色差問題</div>\r\n			</td>\r\n			<td><span style="font-size:14px">全部商品均為實品拍攝，已經盡力讓照片色彩與實物一致。<br />\r\n			但不同顯示器與不同模式，對色彩的呈現會不完全相同，照片的顏色略有偏差，感謝你的諒解！</span></td>\r\n		</tr>\r\n		<tr>\r\n			<td>\r\n			<p><img src="images/t4.png" /></p>\r\n\r\n			<div class="item">關於配送</div>\r\n			</td>\r\n			<td><span style="font-size:14px">全家、Ok｜黑貓、郵局，單筆訂單滿500免運費，500以下運費60。</span></td>\r\n		</tr>\r\n		<tr>\r\n			<td>\r\n			<p><img src="images/t5.png" /></p>\r\n\r\n			<div class="item">關於退換貨</div>\r\n			</td>\r\n			<td><span style="font-size:14px">商品自收到之日起7日內如不滿意，可聯絡客服退換貨，往返郵資需自付。<br />\r\n			如商品有質量問題，請在收到貨品第一時間聯絡我們，為你提供免費退換貨服務。</span></td>\r\n		</tr>\r\n	</tbody>\r\n</table>', 0, 1, 0, 0, 1, 1, 'admin', '2015-11-16 20:26:12', '2016-03-28 18:33:46'),
(7, 31, 1, 9, 'aa00222', '兔子測試圖兔子測試圖兔子測試圖兔子測試圖兔子測試圖兔子測試圖', 55, 5, '1447827285.jpg', '1447827289.jpg', '1451029472.jpg', '<p>dadasdad</p>\r\n\r\n<p>asdfsadfsdfsdf</p>', '<p>sadfsdfsdf</p>', '<p>asdfsadfsf</p>', 1, 1, 1, 1, 1, 1, 'admin', '2015-11-18 14:15:01', '2016-01-21 15:48:13'),
(8, 36, 2, 10, 'cat123', 'cat熱門', 300, 2, '1450762838.png', '1450762852.png', '1451029460.jpg', '<p><img src="https://tw.buy.yahoo.com/res/gdsale/st_pic/3080/st-3080785-4.jpg?u=20111005112734" /></p>', '<p>開學就是要買文具，不然要幹嘛！<br />\r\n蛋黃哥 X HELLOKITTY X RODY X LINEFRIENDS X 西瓜太郎，陪你開心上學去！快揪隔壁同學一起來搶優惠！<br />\r\n【正版授權】明星商品超值優惠！您絕對不能錯過！</p>\r\n\r\n<p>『開學文具購活動』系列商品<br />\r\n凡購買滿$399元以上免運費<br />\r\n數十種超值文具組，超值價每件$19元起～</p>', '<p>購物須知</p>\r\n\r\n<p>&nbsp;</p>', 1, 0, 1, 1, 1, 1, 'admin', '2015-12-04 16:43:01', '2015-12-25 15:44:26'),
(9, 41, 5, 9, '100', '愛らしいです', 9999, 999, '', '', '1452591925.jpg', '<p>愛らしいです愛らしいです愛らしいです愛らしいです愛らしいです愛らしいです愛らしいです愛らしいです愛らしいです愛らしいです</p>\r\n\r\n<p><img alt="" src="upload/ckeditor/1452592014.jpg" style="height:300px; width:300px" /></p>', '<p>愛らしいです愛らしいです愛らしいです愛らしいです愛らしいです愛らしいです愛らしいです愛らしいです</p>\r\n\r\n<p><img alt="" src="upload/ckeditor/1452591978.jpg" style="height:300px; width:300px" /></p>', '<p>愛らしいです愛らしいです愛らしいです愛らしいです愛らしいです愛らしいです</p>\r\n\r\n<p><img alt="" src="upload/ckeditor/1452592028.jpg" style="height:300px; width:300px" /></p>', 1, 0, 1, 1, 1, 1, 'admin', '2016-01-12 17:47:11', '2016-01-13 10:11:15');

-- --------------------------------------------------------

--
-- 表的结构 `925_ptype1`
--

CREATE TABLE IF NOT EXISTS `925_ptype1` (
  `ptype1_id` int(11) NOT NULL AUTO_INCREMENT,
  `ptype1_ind` int(11) NOT NULL,
  `ptype1_name` varchar(30) COLLATE utf8_unicode_ci NOT NULL,
  `ptype1_pic` varchar(35) COLLATE utf8_unicode_ci NOT NULL,
  `ptype1_is_show` int(11) NOT NULL,
  `ptype1_manager` varchar(15) COLLATE utf8_unicode_ci NOT NULL,
  `ptype1_create_time` datetime NOT NULL,
  `ptype1_update_time` datetime NOT NULL,
  PRIMARY KEY (`ptype1_id`),
  KEY `ptype1_id` (`ptype1_id`),
  KEY `ptype1_is_show` (`ptype1_is_show`)
) ENGINE=MyISAM  DEFAULT CHARSET=utf8 COLLATE=utf8_unicode_ci COMMENT='商品分類一階' AUTO_INCREMENT=6 ;

--
-- 转存表中的数据 `925_ptype1`
--

INSERT INTO `925_ptype1` (`ptype1_id`, `ptype1_ind`, `ptype1_name`, `ptype1_pic`, `ptype1_is_show`, `ptype1_manager`, `ptype1_create_time`, `ptype1_update_time`) VALUES
(1, 1, '文具', '1449472459.jpg', 1, 'admin', '2015-11-09 17:49:12', '2015-12-07 15:14:21'),
(2, 6, '包包', '1449472469.jpg', 1, 'admin', '2015-11-09 17:56:57', '2015-12-07 15:14:43'),
(3, 11, '貓咪', '1452591765.jpg', 1, 'admin', '2016-01-12 17:42:54', '2016-01-21 12:30:38');

-- --------------------------------------------------------

--
-- 表的结构 `925_ptype2`
--

CREATE TABLE IF NOT EXISTS `925_ptype2` (
  `ptype2_id` int(11) NOT NULL AUTO_INCREMENT,
  `ptype2_ind` int(11) NOT NULL,
  `ptype2_ptype1_id` int(11) NOT NULL,
  `ptype2_name` varchar(30) COLLATE utf8_unicode_ci NOT NULL,
  `ptype2_is_show` int(11) NOT NULL,
  `ptype2_manager` varchar(15) COLLATE utf8_unicode_ci NOT NULL,
  `ptype2_create_time` datetime NOT NULL,
  `ptype2_update_time` datetime NOT NULL,
  PRIMARY KEY (`ptype2_id`),
  KEY `ptype2_id` (`ptype2_id`),
  KEY `ptype2_ptype1_id` (`ptype2_ptype1_id`),
  KEY `ptype2_is_show` (`ptype2_is_show`)
) ENGINE=MyISAM  DEFAULT CHARSET=utf8 COLLATE=utf8_unicode_ci COMMENT='商品分類二階' AUTO_INCREMENT=6 ;

--
-- 转存表中的数据 `925_ptype2`
--

INSERT INTO `925_ptype2` (`ptype2_id`, `ptype2_ind`, `ptype2_ptype1_id`, `ptype2_name`, `ptype2_is_show`, `ptype2_manager`, `ptype2_create_time`, `ptype2_update_time`) VALUES
(1, 1, 1, '其他', 1, 'admin', '2015-11-11 14:10:50', '2015-12-07 15:15:08'),
(2, 11, 1, '書寫筆', 1, 'admin', '2015-11-11 14:11:10', '2015-12-07 15:15:01'),
(3, 6, 2, '其他', 1, 'admin', '2015-11-11 14:11:30', '2015-12-07 15:15:24'),
(4, 16, 2, '手拿包', 1, 'admin', '2015-11-11 15:38:01', '2015-12-07 15:15:17'),
(5, 21, 3, '愛らしいです貓咪', 1, 'admin', '2016-01-12 17:45:09', '2016-01-12 17:45:09');

-- --------------------------------------------------------

--
-- 表的结构 `925_qa`
--

CREATE TABLE IF NOT EXISTS `925_qa` (
  `qa_id` int(11) NOT NULL AUTO_INCREMENT,
  `qa_content` longtext COLLATE utf8_unicode_ci NOT NULL,
  `qa_admin` varchar(20) COLLATE utf8_unicode_ci NOT NULL,
  `qa_updatetime` datetime NOT NULL,
  `qa_createtime` datetime NOT NULL,
  PRIMARY KEY (`qa_id`)
) ENGINE=MyISAM  DEFAULT CHARSET=utf8 COLLATE=utf8_unicode_ci AUTO_INCREMENT=2 ;

--
-- 转存表中的数据 `925_qa`
--

INSERT INTO `925_qa` (`qa_id`, `qa_content`, `qa_admin`, `qa_updatetime`, `qa_createtime`) VALUES
(1, '', '', '0000-00-00 00:00:00', '2016-04-11 00:00:00');

-- --------------------------------------------------------

--
-- 表的结构 `925_terms`
--

CREATE TABLE IF NOT EXISTS `925_terms` (
  `terms_id` int(11) NOT NULL AUTO_INCREMENT,
  `terms_content` longtext COLLATE utf8_unicode_ci NOT NULL,
  `terms_admin` varchar(20) COLLATE utf8_unicode_ci NOT NULL,
  `terms_updatetime` datetime NOT NULL,
  `terms_createtime` datetime NOT NULL,
  PRIMARY KEY (`terms_id`)
) ENGINE=MyISAM  DEFAULT CHARSET=utf8 COLLATE=utf8_unicode_ci AUTO_INCREMENT=2 ;

--
-- 转存表中的数据 `925_terms`
--

INSERT INTO `925_terms` (`terms_id`, `terms_content`, `terms_admin`, `terms_updatetime`, `terms_createtime`) VALUES
(1, '', '', '0000-00-00 00:00:00', '2016-04-11 00:00:00');

-- --------------------------------------------------------

--
-- 表的结构 `925_used_bonus`
--

CREATE TABLE IF NOT EXISTS `925_used_bonus` (
  `ubonus_id` int(11) NOT NULL AUTO_INCREMENT,
  `ubonus_member_id` int(11) NOT NULL,
  `ubonus_money` int(11) NOT NULL,
  `ubonus_bonus` int(11) NOT NULL,
  `ubonus_comment` varchar(255) COLLATE utf8_unicode_ci NOT NULL,
  `ubonus_type` int(11) NOT NULL DEFAULT '2',
  `ubonus_create_time` datetime NOT NULL,
  PRIMARY KEY (`ubonus_id`)
) ENGINE=InnoDB  DEFAULT CHARSET=utf8 COLLATE=utf8_unicode_ci COMMENT='使用購物金紅利' AUTO_INCREMENT=3 ;

--
-- 转存表中的数据 `925_used_bonus`
--

INSERT INTO `925_used_bonus` (`ubonus_id`, `ubonus_member_id`, `ubonus_money`, `ubonus_bonus`, `ubonus_comment`, `ubonus_type`, `ubonus_create_time`) VALUES
(1, 27, 6229, 6229, '轉換購物金', 2, '2016-01-21 11:01:57'),
(2, 27, 2, 2, '轉換購物金', 2, '2016-01-21 11:38:52');

/*!40101 SET CHARACTER_SET_CLIENT=@OLD_CHARACTER_SET_CLIENT */;
/*!40101 SET CHARACTER_SET_RESULTS=@OLD_CHARACTER_SET_RESULTS */;
/*!40101 SET COLLATION_CONNECTION=@OLD_COLLATION_CONNECTION */;
